Order ID,Order Date,City,Customer Gender,Customer Age,Product Category,Product Name,Quantity Sold,Original Price (INR),Discount Percentage,Selling Price (INR),Total Revenue (INR),Cost Per Unit (INR),Profit (INR),Payment Method,Returned,Customer Rating
ORD-0001,2023-04-25,Delhi,Male,55,Electronics,Headphones,1,2999,5,2849.05,2849.05,1483.43,1365.62,Cash,Yes,1
ORD-0002,2023-08-12,Kolkata,Male,46,Clothing,Shoes,1,1999,20,1599.2,1599.2,1123.94,475.26,EMI,No,1
ORD-0003,2023-06-13,Pune,Male,23,Home & Kitchen,Bed Sheet Set,1,999,10,899.1,899.1,480.61,418.49,Cash,No,3
ORD-0004,2023-09-28,Kolkata,Male,53,Electronics,Smartwatch,1,8999,20,7199.2,7199.2,4274.21,2924.99,UPI,No,5
ORD-0005,2024-01-06,Chennai,Female,23,Sports & Fitness,Dumbbells,1,2199,25,1649.25,1649.25,1020.14,629.11,Debit Card,No,4
ORD-0006,2023-10-12,Chennai,Female,62,Home & Kitchen,Bed Sheet Set,1,999,5,949.05,949.05,523.51,425.54,Credit Card,No,2
ORD-0007,2024-06-30,Chennai,Female,21,Clothing,Jeans,4,1299,15,1104.15,4416.6,654.68,1797.88,Debit Card,No,3
ORD-0008,2024-02-15,Ahmedabad,Female,59,Groceries,Rice (5kg),3,349,5,331.55,994.65,171.89,478.98,Cash,No,2
ORD-0009,2023-09-10,Kolkata,Female,41,Sports & Fitness,Skipping Rope,1,299,10,269.1,269.1,179.22,89.88,Debit Card,No,2
ORD-0010,2024-06-05,Bangalore,Male,61,Home & Kitchen,Pressure Cooker,1,1899,0,1899.0,1899.0,1181.6,717.4,Cash,No,4
ORD-0011,2024-01-26,Mumbai,Male,61,Sports & Fitness,Protein Powder,1,1999,20,1599.2,1599.2,1000.07,599.13,EMI,No,3
ORD-0012,2023-04-25,Hyderabad,Male,50,Groceries,Tea Powder,4,299,5,284.05,1136.2,134.74,597.24,Credit Card,No,3
ORD-0013,2024-06-03,Bangalore,Male,56,Sports & Fitness,Dumbbells,1,2199,5,2089.05,2089.05,1154.0,935.05,UPI,No,1
ORD-0014,2024-01-07,Delhi,Male,64,Groceries,Cooking Oil,2,189,0,189.0,378.0,118.24,141.52,Cash,No,5
ORD-0015,2023-05-09,Kolkata,Male,52,Clothing,Jacket,2,2499,20,1999.2,3998.4,1257.03,1484.34,Debit Card,No,4
ORD-0016,2024-01-18,Chennai,Male,39,Home & Kitchen,Water Bottle,1,399,15,339.15,339.15,189.21,149.94,Credit Card,No,2
ORD-0017,2023-08-14,Chennai,Male,20,Electronics,Smartphone,1,18999,25,14249.25,14249.25,10947.62,3301.63,UPI,No,2
ORD-0018,2023-10-13,Ahmedabad,Male,48,Home & Kitchen,Mixer Grinder,1,3499,20,2799.2,2799.2,1667.14,1132.06,Cash,No,1
ORD-0019,2024-03-17,Mumbai,Male,21,Groceries,Tea Powder,4,299,15,254.15,1016.6,186.21,271.76,Cash,No,1
ORD-0020,2023-09-12,Bangalore,Female,47,Clothing,Jeans,4,1299,20,1039.2,4156.8,620.97,1672.92,Debit Card,No,1
ORD-0021,2024-03-29,Mumbai,Male,33,Sports & Fitness,Yoga Mat,1,799,0,799.0,799.0,463.76,335.24,Debit Card,No,4
ORD-0022,2023-08-07,Kolkata,Female,47,Home & Kitchen,Pressure Cooker,1,1899,5,1804.05,1804.05,998.48,805.57,UPI,No,5
ORD-0023,2024-05-13,Mumbai,Female,21,Clothing,Jeans,2,1299,10,1169.1,2338.2,836.22,665.76,Credit Card,No,5
ORD-0024,2024-06-27,Delhi,Male,61,Clothing,T-Shirt,1,599,20,479.2,479.2,371.54,107.66,Debit Card,No,5
ORD-0025,2023-09-10,Kolkata,Female,34,Sports & Fitness,Skipping Rope,1,299,0,299.0,299.0,171.59,127.41,Debit Card,No,3
ORD-0026,2023-09-02,Delhi,Male,47,Groceries,Tea Powder,3,299,5,284.05,852.15,161.89,366.48,EMI,No,1
ORD-0027,2023-03-17,Pune,Male,33,Sports & Fitness,Dumbbells,1,2199,20,1759.2,1759.2,1106.19,653.01,UPI,No,4
ORD-0028,2023-11-06,Hyderabad,Male,26,Sports & Fitness,Skipping Rope,1,299,0,299.0,299.0,174.49,124.51,UPI,No,1
ORD-0029,2023-06-09,Chennai,Female,50,Groceries,Biscuits Pack,2,79,20,63.2,126.4,46.89,32.62,Cash,No,1
ORD-0030,2023-04-05,Bangalore,Female,28,Home & Kitchen,Bed Sheet Set,1,999,0,999.0,999.0,450.26,548.74,Cash,No,4
ORD-0031,2023-01-10,Mumbai,Female,55,Electronics,Smartphone,1,18999,25,14249.25,14249.25,11984.3,2264.95,EMI,No,2
ORD-0032,2023-02-12,Chennai,Male,40,Groceries,Biscuits Pack,3,79,0,79.0,237.0,38.87,120.39,EMI,No,4
ORD-0033,2023-06-08,Pune,Female,60,Clothing,Jeans,4,1299,5,1234.05,4936.2,590.99,2572.24,Debit Card,No,1
ORD-0034,2024-01-27,Ahmedabad,Female,37,Electronics,Smartwatch,1,8999,5,8549.05,8549.05,4408.74,4140.31,Debit Card,No,2
ORD-0035,2024-02-13,Kolkata,Female,19,Groceries,Biscuits Pack,3,79,0,79.0,237.0,41.1,113.7,Credit Card,No,3
ORD-0036,2023-07-02,Kolkata,Female,64,Sports & Fitness,Running Shoes,1,2999,0,2999.0,2999.0,1414.57,1584.43,UPI,No,5
ORD-0037,2023-04-29,Kolkata,Male,51,Home & Kitchen,Water Bottle,1,399,5,379.05,379.05,199.88,179.17,EMI,No,2
ORD-0038,2024-01-08,Pune,Male,64,Home & Kitchen,Pressure Cooker,1,1899,25,1424.25,1424.25,1204.26,219.99,UPI,No,4
ORD-0039,2023-12-01,Kolkata,Female,61,Home & Kitchen,Bed Sheet Set,1,999,20,799.2,799.2,474.98,324.22,Debit Card,No,3
ORD-0040,2024-02-20,Kolkata,Female,47,Sports & Fitness,Yoga Mat,1,799,10,719.1,719.1,405.4,313.7,Cash,No,2
ORD-0041,2024-06-07,Pune,Male,33,Home & Kitchen,Mixer Grinder,1,3499,25,2624.25,2624.25,1633.89,990.36,UPI,No,2
ORD-0042,2023-05-31,Delhi,Female,44,Electronics,Smartphone,1,18999,5,18049.05,18049.05,12288.31,5760.74,EMI,No,4
ORD-0043,2024-05-21,Mumbai,Male,45,Home & Kitchen,Mixer Grinder,1,3499,5,3324.05,3324.05,2033.66,1290.39,Debit Card,No,5
ORD-0044,2024-04-20,Delhi,Female,26,Electronics,Tablet,1,24999,5,23749.05,23749.05,15836.72,7912.33,Cash,No,5
ORD-0045,2023-11-21,Kolkata,Female,28,Home & Kitchen,Water Bottle,1,399,25,299.25,299.25,250.73,48.52,Cash,No,2
ORD-0046,2023-10-11,Ahmedabad,Male,63,Sports & Fitness,Protein Powder,1,1999,25,1499.25,1499.25,995.2,504.05,UPI,No,3
ORD-0047,2023-11-24,Kolkata,Male,63,Sports & Fitness,Yoga Mat,1,799,5,759.05,759.05,383.65,375.4,Debit Card,Yes,4
ORD-0048,2023-12-05,Kolkata,Female,55,Sports & Fitness,Protein Powder,1,1999,15,1699.15,1699.15,924.44,774.71,Credit Card,No,5
ORD-0049,2024-01-25,Kolkata,Female,52,Home & Kitchen,Pressure Cooker,1,1899,10,1709.1,1709.1,967.96,741.14,EMI,No,2
ORD-0050,2024-05-14,Pune,Female,64,Clothing,Dress,4,1599,15,1359.15,5436.6,728.83,2521.28,Debit Card,No,2
ORD-0051,2024-06-30,Mumbai,Male,59,Electronics,Smartwatch,1,8999,20,7199.2,7199.2,5065.34,2133.86,Cash,No,4
ORD-0052,2023-07-06,Ahmedabad,Female,39,Electronics,Headphones,1,2999,15,2549.15,2549.15,1545.9,1003.25,Cash,No,4
ORD-0053,2023-09-16,Mumbai,Female,32,Electronics,Smartwatch,1,8999,0,8999.0,8999.0,5397.64,3601.36,Credit Card,No,1
ORD-0054,2023-02-01,Ahmedabad,Male,54,Clothing,Jeans,2,1299,0,1299.0,2598.0,646.52,1304.96,Debit Card,No,3
ORD-0055,2024-01-13,Bangalore,Female,24,Clothing,Shoes,1,1999,20,1599.2,1599.2,1210.51,388.69,EMI,Yes,3
ORD-0056,2024-01-20,Chennai,Male,62,Home & Kitchen,Mixer Grinder,1,3499,0,3499.0,3499.0,1988.9,1510.1,UPI,No,5
ORD-0057,2023-05-04,Pune,Male,50,Sports & Fitness,Yoga Mat,1,799,10,719.1,719.1,444.68,274.42,UPI,Yes,4
ORD-0058,2024-05-16,Ahmedabad,Male,45,Electronics,Smartwatch,1,8999,10,8099.1,8099.1,5193.48,2905.62,Debit Card,No,3
ORD-0059,2024-05-10,Pune,Male,23,Home & Kitchen,Curtains,1,1499,25,1124.25,1124.25,852.17,272.08,UPI,No,2
ORD-0060,2024-04-20,Mumbai,Female,38,Sports & Fitness,Skipping Rope,1,299,25,224.25,224.25,157.21,67.04,Debit Card,No,3
ORD-0061,2023-09-22,Chennai,Male,33,Groceries,Biscuits Pack,3,79,20,63.2,189.6,44.33,56.61,Cash,No,2
ORD-0062,2024-05-02,Chennai,Female,62,Home & Kitchen,Curtains,1,1499,0,1499.0,1499.0,702.45,796.55,Debit Card,No,5
ORD-0063,2024-01-13,Pune,Female,62,Home & Kitchen,Water Bottle,1,399,20,319.2,319.2,206.98,112.22,Cash,No,3
ORD-0064,2023-08-25,Bangalore,Male,31,Electronics,Laptop,1,54999,10,49499.1,49499.1,26064.63,23434.47,Cash,No,5
ORD-0065,2024-06-21,Hyderabad,Male,41,Sports & Fitness,Running Shoes,1,2999,0,2999.0,2999.0,1848.96,1150.04,Debit Card,No,5
ORD-0066,2023-05-10,Bangalore,Female,24,Groceries,Rice (5kg),3,349,0,349.0,1047.0,205.73,429.81,Credit Card,No,4
ORD-0067,2024-05-05,Hyderabad,Female,25,Home & Kitchen,Bed Sheet Set,1,999,5,949.05,949.05,642.46,306.59,Credit Card,No,1
ORD-0068,2023-02-24,Chennai,Male,53,Clothing,Jeans,3,1299,20,1039.2,3117.6,606.68,1297.56,Cash,No,5
ORD-0069,2023-08-20,Hyderabad,Female,37,Sports & Fitness,Protein Powder,1,1999,15,1699.15,1699.15,1262.77,436.38,EMI,No,5
ORD-0070,2023-04-12,Bangalore,Male,28,Clothing,Jeans,1,1299,10,1169.1,1169.1,625.35,543.75,Credit Card,No,5
ORD-0071,2024-04-26,Ahmedabad,Male,61,Groceries,Rice (5kg),3,349,5,331.55,994.65,206.4,375.45,Debit Card,No,5
ORD-0072,2023-07-22,Bangalore,Female,27,Home & Kitchen,Pressure Cooker,1,1899,20,1519.2,1519.2,939.93,579.27,Credit Card,Yes,3
ORD-0073,2023-10-23,Kolkata,Female,50,Home & Kitchen,Pressure Cooker,1,1899,15,1614.15,1614.15,1116.11,498.04,EMI,No,1
ORD-0074,2023-02-10,Delhi,Male,61,Home & Kitchen,Bed Sheet Set,1,999,20,799.2,799.2,499.57,299.63,EMI,No,1
ORD-0075,2023-10-03,Ahmedabad,Female,29,Sports & Fitness,Yoga Mat,1,799,5,759.05,759.05,434.74,324.31,EMI,No,4
ORD-0076,2023-04-04,Delhi,Male,39,Home & Kitchen,Bed Sheet Set,1,999,15,849.15,849.15,516.15,333.0,Cash,No,3
ORD-0077,2024-02-15,Hyderabad,Female,25,Sports & Fitness,Yoga Mat,1,799,15,679.15,679.15,373.62,305.53,Cash,No,1
ORD-0078,2024-04-18,Ahmedabad,Female,21,Home & Kitchen,Pressure Cooker,1,1899,5,1804.05,1804.05,1051.45,752.6,Debit Card,No,2
ORD-0079,2023-10-22,Chennai,Male,37,Home & Kitchen,Curtains,1,1499,0,1499.0,1499.0,683.21,815.79,EMI,Yes,4
ORD-0080,2023-04-06,Bangalore,Female,63,Clothing,T-Shirt,1,599,15,509.15,509.15,347.15,162.0,UPI,No,3
ORD-0081,2024-03-01,Bangalore,Female,30,Home & Kitchen,Curtains,1,1499,5,1424.05,1424.05,811.49,612.56,EMI,No,2
ORD-0082,2023-03-13,Hyderabad,Female,55,Groceries,Tea Powder,3,299,10,269.1,807.3,183.62,256.44,EMI,No,4
ORD-0083,2023-06-02,Kolkata,Female,38,Home & Kitchen,Water Bottle,1,399,15,339.15,339.15,207.09,132.06,Debit Card,No,2
ORD-0084,2024-01-28,Kolkata,Female,60,Clothing,Jacket,3,2499,0,2499.0,7497.0,1496.75,3006.75,Debit Card,No,1
ORD-0085,2023-05-10,Ahmedabad,Male,51,Sports & Fitness,Skipping Rope,1,299,10,269.1,269.1,186.56,82.54,Cash,Yes,2
ORD-0086,2024-02-24,Kolkata,Male,39,Clothing,T-Shirt,3,599,15,509.15,1527.45,310.11,597.12,EMI,No,3
ORD-0087,2024-05-14,Hyderabad,Male,65,Sports & Fitness,Yoga Mat,1,799,20,639.2,639.2,370.48,268.72,Credit Card,No,1
ORD-0088,2023-04-13,Mumbai,Male,38,Home & Kitchen,Mixer Grinder,1,3499,25,2624.25,2624.25,1784.12,840.13,Credit Card,No,3
ORD-0089,2024-03-17,Bangalore,Male,29,Clothing,Jeans,4,1299,20,1039.2,4156.8,731.58,1230.48,Credit Card,No,4
ORD-0090,2023-09-04,Hyderabad,Female,34,Home & Kitchen,Water Bottle,1,399,5,379.05,379.05,198.08,180.97,Credit Card,No,4
ORD-0091,2023-10-22,Pune,Female,58,Sports & Fitness,Dumbbells,1,2199,0,2199.0,2199.0,1183.82,1015.18,Cash,No,4
ORD-0092,2023-11-06,Pune,Female,62,Clothing,Jacket,1,2499,15,2124.15,2124.15,1243.11,881.04,UPI,Yes,4
ORD-0093,2023-10-09,Mumbai,Female,36,Electronics,Tablet,1,24999,25,18749.25,18749.25,15140.95,3608.3,Debit Card,No,3
ORD-0094,2023-08-13,Mumbai,Female,46,Clothing,Shoes,2,1999,10,1799.1,3598.2,1150.72,1296.76,Credit Card,No,2
ORD-0095,2023-04-03,Bangalore,Female,51,Groceries,Biscuits Pack,4,79,25,59.25,237.0,38.33,83.68,EMI,No,2
ORD-0096,2023-09-21,Delhi,Female,22,Home & Kitchen,Bed Sheet Set,1,999,25,749.25,749.25,623.46,125.79,Debit Card,No,2
ORD-0097,2024-02-11,Mumbai,Female,52,Sports & Fitness,Running Shoes,1,2999,0,2999.0,2999.0,1823.8,1175.2,Credit Card,No,3
ORD-0098,2024-01-26,Pune,Male,59,Groceries,Rice (5kg),2,349,25,261.75,523.5,189.96,143.58,Credit Card,No,4
ORD-0099,2023-11-06,Mumbai,Female,49,Home & Kitchen,Pressure Cooker,1,1899,5,1804.05,1804.05,871.77,932.28,Credit Card,No,5
ORD-0100,2023-05-19,Kolkata,Male,44,Home & Kitchen,Curtains,1,1499,10,1349.1,1349.1,875.56,473.54,Credit Card,No,5
ORD-0101,2024-02-22,Ahmedabad,Male,41,Groceries,Rice (5kg),3,349,25,261.75,785.25,172.22,268.59,Credit Card,No,3
ORD-0102,2024-01-03,Delhi,Female,23,Electronics,Smartwatch,1,8999,10,8099.1,8099.1,4391.17,3707.93,Debit Card,No,5
ORD-0103,2023-01-22,Chennai,Male,53,Electronics,Headphones,1,2999,5,2849.05,2849.05,1942.64,906.41,Debit Card,No,2
ORD-0104,2023-12-03,Bangalore,Male,52,Clothing,Shoes,3,1999,0,1999.0,5997.0,1242.74,2268.78,UPI,No,1
ORD-0105,2023-01-27,Mumbai,Male,34,Clothing,T-Shirt,2,599,10,539.1,1078.2,340.09,398.02,Credit Card,No,4
ORD-0106,2024-06-22,Pune,Male,46,Electronics,Smartphone,1,18999,15,16149.15,16149.15,10252.91,5896.24,EMI,No,5
ORD-0107,2023-02-14,Mumbai,Male,48,Sports & Fitness,Running Shoes,1,2999,15,2549.15,2549.15,1735.43,813.72,Cash,No,1
ORD-0108,2024-05-17,Bangalore,Male,26,Home & Kitchen,Pressure Cooker,1,1899,0,1899.0,1899.0,976.89,922.11,UPI,No,5
ORD-0109,2023-11-29,Kolkata,Male,62,Home & Kitchen,Water Bottle,1,399,20,319.2,319.2,203.08,116.12,Credit Card,No,5
ORD-0110,2023-08-09,Ahmedabad,Female,44,Home & Kitchen,Curtains,1,1499,5,1424.05,1424.05,798.61,625.44,Credit Card,No,3
ORD-0111,2023-09-19,Delhi,Male,45,Groceries,Cooking Oil,4,189,25,141.75,567.0,87.59,216.64,Credit Card,No,3
ORD-0112,2023-05-14,Pune,Male,44,Sports & Fitness,Yoga Mat,1,799,20,639.2,639.2,512.42,126.78,UPI,No,4
ORD-0113,2023-02-22,Chennai,Male,60,Groceries,Atta (10kg),3,399,10,359.1,1077.3,187.82,513.84,Cash,No,1
ORD-0114,2023-12-25,Chennai,Female,53,Sports & Fitness,Running Shoes,1,2999,0,2999.0,2999.0,1806.96,1192.04,EMI,No,5
ORD-0115,2023-01-27,Hyderabad,Female,40,Sports & Fitness,Running Shoes,1,2999,0,2999.0,2999.0,1457.76,1541.24,Credit Card,No,2
ORD-0116,2024-02-15,Mumbai,Male,65,Electronics,Laptop,1,54999,25,41249.25,41249.25,31714.32,9534.93,EMI,No,4
ORD-0117,2024-04-09,Delhi,Male,27,Groceries,Cooking Oil,3,189,10,170.1,510.3,112.33,173.31,Debit Card,No,1
ORD-0118,2023-03-25,Ahmedabad,Female,35,Groceries,Tea Powder,4,299,25,224.25,897.0,163.59,242.64,Debit Card,No,1
ORD-0119,2023-12-20,Ahmedabad,Female,20,Home & Kitchen,Pressure Cooker,1,1899,10,1709.1,1709.1,1112.14,596.96,Debit Card,No,5
ORD-0120,2023-02-26,Bangalore,Female,36,Electronics,Laptop,1,54999,10,49499.1,49499.1,35147.93,14351.17,UPI,No,4
ORD-0121,2024-03-16,Pune,Male,43,Clothing,Jeans,2,1299,15,1104.15,2208.3,714.52,779.26,Credit Card,No,4
ORD-0122,2023-03-21,Kolkata,Female,25,Groceries,Atta (10kg),4,399,15,339.15,1356.6,236.17,411.92,Cash,Yes,3
ORD-0123,2023-06-25,Delhi,Female,24,Sports & Fitness,Protein Powder,1,1999,25,1499.25,1499.25,1267.27,231.98,Debit Card,No,4
ORD-0124,2024-06-20,Chennai,Female,28,Electronics,Smartwatch,1,8999,10,8099.1,8099.1,5391.85,2707.25,Credit Card,No,1
ORD-0125,2024-06-27,Bangalore,Male,24,Sports & Fitness,Dumbbells,1,2199,10,1979.1,1979.1,1143.96,835.14,Debit Card,No,2
ORD-0126,2023-06-06,Ahmedabad,Female,58,Electronics,Laptop,1,54999,25,41249.25,41249.25,30184.74,11064.51,UPI,No,1
ORD-0127,2024-04-25,Pune,Male,37,Home & Kitchen,Bed Sheet Set,1,999,10,899.1,899.1,567.72,331.38,Cash,No,1
ORD-0128,2024-01-13,Kolkata,Female,55,Groceries,Rice (5kg),1,349,25,261.75,261.75,199.98,61.77,EMI,No,1
ORD-0129,2024-04-05,Bangalore,Male,46,Sports & Fitness,Dumbbells,1,2199,10,1979.1,1979.1,1255.63,723.47,Credit Card,No,3
ORD-0130,2023-03-28,Ahmedabad,Female,51,Sports & Fitness,Dumbbells,1,2199,0,2199.0,2199.0,1098.51,1100.49,EMI,No,3
ORD-0131,2024-01-17,Mumbai,Female,22,Groceries,Tea Powder,3,299,15,254.15,762.45,175.15,237.0,UPI,No,4
ORD-0132,2023-10-18,Bangalore,Female,37,Groceries,Atta (10kg),3,399,5,379.05,1137.15,186.05,579.0,Cash,No,1
ORD-0133,2023-11-14,Bangalore,Male,59,Sports & Fitness,Protein Powder,1,1999,25,1499.25,1499.25,1216.06,283.19,Cash,No,1
ORD-0134,2024-01-07,Ahmedabad,Male,32,Groceries,Cooking Oil,3,189,5,179.55,538.65,120.87,176.04,Debit Card,No,3
ORD-0135,2023-04-14,Mumbai,Female,57,Sports & Fitness,Skipping Rope,1,299,25,224.25,224.25,187.39,36.86,Debit Card,No,2
ORD-0136,2023-06-16,Pune,Male,46,Clothing,Shoes,4,1999,5,1899.05,7596.2,917.02,3928.12,EMI,No,4
ORD-0137,2023-08-28,Ahmedabad,Male,41,Sports & Fitness,Dumbbells,1,2199,10,1979.1,1979.1,1414.22,564.88,EMI,No,4
ORD-0138,2023-10-16,Bangalore,Male,56,Home & Kitchen,Water Bottle,1,399,20,319.2,319.2,212.96,106.24,Debit Card,No,1
ORD-0139,2024-05-07,Bangalore,Female,46,Groceries,Atta (10kg),1,399,0,399.0,399.0,202.3,196.7,EMI,No,4
ORD-0140,2023-04-04,Kolkata,Female,33,Clothing,Jacket,1,2499,10,2249.1,2249.1,1331.92,917.18,Cash,No,3
ORD-0141,2023-08-18,Pune,Male,26,Electronics,Headphones,1,2999,0,2999.0,2999.0,1852.89,1146.11,Credit Card,No,4
ORD-0142,2023-05-23,Delhi,Male,34,Home & Kitchen,Curtains,1,1499,20,1199.2,1199.2,676.12,523.08,Debit Card,No,5
ORD-0143,2024-06-24,Delhi,Male,33,Home & Kitchen,Pressure Cooker,1,1899,10,1709.1,1709.1,944.81,764.29,Cash,No,5
ORD-0144,2024-04-13,Mumbai,Male,63,Electronics,Smartphone,1,18999,15,16149.15,16149.15,10817.04,5332.11,Debit Card,No,1
ORD-0145,2023-12-28,Delhi,Female,22,Clothing,Shoes,2,1999,15,1699.15,3398.3,1165.17,1067.96,EMI,No,5
ORD-0146,2023-01-21,Pune,Female,65,Home & Kitchen,Curtains,1,1499,0,1499.0,1499.0,865.12,633.88,Credit Card,No,1
ORD-0147,2023-12-20,Pune,Female,59,Clothing,T-Shirt,3,599,20,479.2,1437.6,285.53,581.01,Debit Card,No,4
ORD-0148,2024-05-05,Chennai,Male,30,Clothing,Jeans,4,1299,0,1299.0,5196.0,594.16,2819.36,Credit Card,No,3
ORD-0149,2024-06-11,Chennai,Female,40,Home & Kitchen,Water Bottle,1,399,15,339.15,339.15,199.76,139.39,Credit Card,No,3
ORD-0150,2023-10-07,Ahmedabad,Female,39,Electronics,Headphones,1,2999,15,2549.15,2549.15,1883.06,666.09,Debit Card,No,4
ORD-0151,2024-01-12,Delhi,Female,56,Sports & Fitness,Running Shoes,1,2999,0,2999.0,2999.0,1785.65,1213.35,Debit Card,No,3
ORD-0152,2023-04-16,Ahmedabad,Female,28,Electronics,Headphones,1,2999,25,2249.25,2249.25,1526.87,722.38,Cash,No,1
ORD-0153,2023-12-28,Mumbai,Male,60,Sports & Fitness,Protein Powder,1,1999,10,1799.1,1799.1,1155.21,643.89,Cash,No,2
ORD-0154,2023-02-01,Delhi,Male,59,Clothing,Shoes,4,1999,25,1499.25,5997.0,913.46,2343.16,UPI,No,5
ORD-0155,2023-02-03,Pune,Female,46,Sports & Fitness,Dumbbells,1,2199,25,1649.25,1649.25,1187.43,461.82,Credit Card,No,5
ORD-0156,2024-01-11,Delhi,Male,65,Home & Kitchen,Bed Sheet Set,1,999,25,749.25,749.25,505.23,244.02,Debit Card,No,4
ORD-0157,2023-05-01,Hyderabad,Female,30,Groceries,Biscuits Pack,4,79,25,59.25,237.0,38.94,81.24,Credit Card,No,1
ORD-0158,2024-04-07,Delhi,Female,37,Clothing,Jacket,3,2499,0,2499.0,7497.0,1458.34,3121.98,Debit Card,No,2
ORD-0159,2024-01-06,Bangalore,Male,49,Sports & Fitness,Dumbbells,1,2199,0,2199.0,2199.0,1422.81,776.19,Credit Card,No,5
ORD-0160,2024-01-13,Delhi,Male,37,Home & Kitchen,Water Bottle,1,399,5,379.05,379.05,228.38,150.67,Cash,No,4
ORD-0161,2024-06-22,Pune,Male,46,Home & Kitchen,Curtains,1,1499,20,1199.2,1199.2,696.66,502.54,Cash,No,3
ORD-0162,2023-05-12,Bangalore,Female,50,Sports & Fitness,Skipping Rope,1,299,5,284.05,284.05,180.46,103.59,Credit Card,No,5
ORD-0163,2023-06-06,Chennai,Female,51,Groceries,Cooking Oil,3,189,5,179.55,538.65,120.38,177.51,UPI,No,3
ORD-0164,2023-07-21,Delhi,Male,55,Sports & Fitness,Running Shoes,1,2999,5,2849.05,2849.05,1724.44,1124.61,EMI,No,5
ORD-0165,2023-12-12,Hyderabad,Male,54,Sports & Fitness,Yoga Mat,1,799,0,799.0,799.0,372.53,426.47,Cash,No,1
ORD-0166,2024-05-24,Ahmedabad,Male,61,Sports & Fitness,Running Shoes,1,2999,25,2249.25,2249.25,1923.35,325.9,Cash,No,1
ORD-0167,2023-03-03,Pune,Male,38,Clothing,Jacket,4,2499,15,2124.15,8496.6,1356.68,3069.88,UPI,No,3
ORD-0168,2024-02-13,Ahmedabad,Male,35,Clothing,Dress,1,1599,20,1279.2,1279.2,821.6,457.6,Cash,No,1
ORD-0169,2023-02-21,Bangalore,Female,54,Groceries,Tea Powder,4,299,20,239.2,956.8,149.4,359.2,UPI,No,2
ORD-0170,2024-05-25,Ahmedabad,Male,23,Sports & Fitness,Protein Powder,1,1999,15,1699.15,1699.15,1251.0,448.15,Cash,No,2
ORD-0171,2023-08-09,Ahmedabad,Female,36,Sports & Fitness,Running Shoes,1,2999,0,2999.0,2999.0,1379.86,1619.14,EMI,Yes,1
ORD-0172,2024-03-17,Pune,Male,43,Clothing,Dress,3,1599,25,1199.25,3597.75,963.83,706.26,Credit Card,No,2
ORD-0173,2024-01-07,Ahmedabad,Female,57,Sports & Fitness,Running Shoes,1,2999,0,2999.0,2999.0,1581.28,1417.72,EMI,No,1
ORD-0174,2024-02-08,Chennai,Female,50,Groceries,Biscuits Pack,3,79,20,63.2,189.6,47.48,47.16,Credit Card,Yes,2
ORD-0175,2023-12-08,Bangalore,Female,57,Home & Kitchen,Water Bottle,1,399,15,339.15,339.15,191.44,147.71,UPI,No,5
ORD-0176,2023-11-03,Ahmedabad,Female,48,Sports & Fitness,Running Shoes,1,2999,20,2399.2,2399.2,1846.36,552.84,Credit Card,No,1
ORD-0177,2024-03-02,Mumbai,Female,34,Sports & Fitness,Running Shoes,1,2999,25,2249.25,2249.25,1872.64,376.61,EMI,No,1
ORD-0178,2024-05-06,Chennai,Male,54,Clothing,Shoes,4,1999,25,1499.25,5997.0,958.63,2162.48,Credit Card,No,4
ORD-0179,2023-11-18,Kolkata,Female,65,Home & Kitchen,Mixer Grinder,1,3499,15,2974.15,2974.15,2057.76,916.39,Credit Card,No,5
ORD-0180,2023-08-01,Kolkata,Female,29,Sports & Fitness,Running Shoes,1,2999,25,2249.25,2249.25,1636.48,612.77,Cash,No,3
ORD-0181,2023-12-29,Hyderabad,Female,32,Groceries,Atta (10kg),2,399,15,339.15,678.3,255.95,166.4,UPI,No,2
ORD-0182,2024-05-15,Kolkata,Female,40,Groceries,Tea Powder,3,299,10,269.1,807.3,151.76,352.02,Debit Card,No,3
ORD-0183,2023-03-22,Chennai,Male,52,Groceries,Tea Powder,3,299,25,224.25,672.75,179.24,135.03,UPI,No,3
ORD-0184,2023-05-21,Chennai,Male,60,Electronics,Tablet,1,24999,25,18749.25,18749.25,14183.59,4565.66,EMI,No,2
ORD-0185,2023-02-23,Delhi,Male,18,Electronics,Smartwatch,1,8999,10,8099.1,8099.1,5340.65,2758.45,EMI,No,2
ORD-0186,2024-02-21,Hyderabad,Female,36,Home & Kitchen,Curtains,1,1499,25,1124.25,1124.25,734.35,389.9,Credit Card,No,1
ORD-0187,2023-08-26,Bangalore,Male,43,Sports & Fitness,Yoga Mat,1,799,5,759.05,759.05,426.33,332.72,Cash,No,3
ORD-0188,2023-02-08,Pune,Female,47,Electronics,Headphones,1,2999,20,2399.2,2399.2,1711.1,688.1,EMI,No,2
ORD-0189,2024-05-31,Pune,Male,64,Home & Kitchen,Bed Sheet Set,1,999,5,949.05,949.05,611.15,337.9,Cash,No,2
ORD-0190,2023-01-15,Kolkata,Female,50,Groceries,Biscuits Pack,2,79,20,63.2,126.4,38.32,49.76,UPI,No,1
ORD-0191,2023-07-09,Kolkata,Male,46,Clothing,Jacket,2,2499,10,2249.1,4498.2,1127.96,2242.28,UPI,No,3
ORD-0192,2023-01-12,Delhi,Female,37,Groceries,Biscuits Pack,2,79,25,59.25,118.5,36.53,45.44,Debit Card,No,5
ORD-0193,2023-11-15,Chennai,Male,48,Electronics,Headphones,1,2999,10,2699.1,2699.1,1718.2,980.9,Debit Card,No,5
ORD-0194,2024-01-18,Chennai,Male,61,Home & Kitchen,Water Bottle,1,399,15,339.15,339.15,239.99,99.16,EMI,No,1
ORD-0195,2024-06-22,Delhi,Male,53,Home & Kitchen,Water Bottle,1,399,25,299.25,299.25,208.42,90.83,EMI,No,5
ORD-0196,2023-06-03,Chennai,Female,23,Clothing,Dress,4,1599,20,1279.2,5116.8,756.72,2089.92,EMI,No,1
ORD-0197,2024-04-09,Ahmedabad,Female,64,Clothing,Shoes,4,1999,15,1699.15,6796.6,1125.0,2296.6,Credit Card,No,1
ORD-0198,2023-08-12,Delhi,Male,22,Sports & Fitness,Yoga Mat,1,799,0,799.0,799.0,427.26,371.74,Cash,Yes,4
ORD-0199,2023-07-04,Kolkata,Female,23,Clothing,Jacket,4,2499,10,2249.1,8996.4,1348.73,3601.48,EMI,No,3
ORD-0200,2023-05-02,Chennai,Male,19,Clothing,Shoes,2,1999,15,1699.15,3398.3,1190.55,1017.2,UPI,No,5
ORD-0201,2024-03-10,Pune,Male,35,Sports & Fitness,Protein Powder,1,1999,5,1899.05,1899.05,998.51,900.54,Debit Card,No,1
ORD-0202,2023-02-02,Delhi,Male,56,Home & Kitchen,Water Bottle,1,399,0,399.0,399.0,198.76,200.24,Credit Card,No,1
ORD-0203,2023-09-08,Chennai,Male,26,Electronics,Smartwatch,1,8999,15,7649.15,7649.15,4471.31,3177.84,EMI,No,2
ORD-0204,2023-11-23,Chennai,Female,27,Sports & Fitness,Skipping Rope,1,299,25,224.25,224.25,183.49,40.76,EMI,No,3
ORD-0205,2023-10-09,Bangalore,Female,53,Electronics,Tablet,1,24999,20,19999.2,19999.2,15647.94,4351.26,Cash,Yes,3
ORD-0206,2024-01-26,Bangalore,Female,42,Sports & Fitness,Running Shoes,1,2999,25,2249.25,2249.25,1599.26,649.99,Debit Card,No,4
ORD-0207,2023-09-04,Mumbai,Female,44,Clothing,Dress,2,1599,25,1199.25,2398.5,977.24,444.02,EMI,No,4
ORD-0208,2023-09-06,Pune,Male,52,Groceries,Cooking Oil,1,189,10,170.1,170.1,119.91,50.19,Debit Card,Yes,4
ORD-0209,2023-02-10,Chennai,Female,31,Electronics,Laptop,1,54999,20,43999.2,43999.2,32716.76,11282.44,UPI,No,1
ORD-0210,2023-08-05,Chennai,Female,33,Clothing,T-Shirt,4,599,25,449.25,1797.0,379.1,280.6,EMI,No,3
ORD-0211,2024-01-25,Hyderabad,Female,50,Home & Kitchen,Water Bottle,1,399,25,299.25,299.25,208.22,91.03,Cash,No,4
ORD-0212,2023-11-24,Chennai,Male,19,Clothing,Dress,4,1599,10,1439.1,5756.4,734.17,2819.72,UPI,No,5
ORD-0213,2024-03-03,Chennai,Female,53,Groceries,Cooking Oil,3,189,5,179.55,538.65,93.74,257.43,UPI,No,4
ORD-0214,2024-05-17,Bangalore,Male,64,Home & Kitchen,Mixer Grinder,1,3499,25,2624.25,2624.25,2130.87,493.38,EMI,No,5
ORD-0215,2023-03-02,Mumbai,Male,44,Sports & Fitness,Yoga Mat,1,799,0,799.0,799.0,510.59,288.41,Debit Card,No,2
ORD-0216,2023-03-11,Ahmedabad,Female,19,Clothing,T-Shirt,4,599,5,569.05,2276.2,314.26,1019.16,Credit Card,No,4
ORD-0217,2023-01-13,Hyderabad,Male,50,Electronics,Tablet,1,24999,25,18749.25,18749.25,12623.2,6126.05,Cash,No,2
ORD-0218,2023-04-20,Hyderabad,Female,35,Electronics,Tablet,1,24999,5,23749.05,23749.05,12454.35,11294.7,Cash,No,4
ORD-0219,2024-04-15,Delhi,Male,23,Sports & Fitness,Dumbbells,1,2199,25,1649.25,1649.25,1088.88,560.37,Cash,No,5
ORD-0220,2024-05-02,Ahmedabad,Female,59,Electronics,Smartphone,1,18999,25,14249.25,14249.25,9200.77,5048.48,UPI,No,1
ORD-0221,2024-06-24,Ahmedabad,Female,20,Electronics,Laptop,1,54999,5,52249.05,52249.05,34663.37,17585.68,Credit Card,No,3
ORD-0222,2023-02-03,Kolkata,Male,37,Clothing,Dress,2,1599,0,1599.0,3198.0,907.28,1383.44,Debit Card,No,5
ORD-0223,2024-02-03,Bangalore,Male,50,Sports & Fitness,Running Shoes,1,2999,15,2549.15,2549.15,1802.76,746.39,UPI,Yes,4
ORD-0224,2023-08-26,Kolkata,Female,19,Electronics,Headphones,1,2999,20,2399.2,2399.2,1810.8,588.4,UPI,No,4
ORD-0225,2024-05-17,Kolkata,Male,57,Clothing,Dress,4,1599,20,1279.2,5116.8,857.65,1686.2,UPI,No,1
ORD-0226,2023-03-26,Pune,Female,24,Groceries,Cooking Oil,2,189,15,160.65,321.3,113.01,95.28,Credit Card,Yes,3
ORD-0227,2024-03-31,Kolkata,Female,53,Groceries,Biscuits Pack,2,79,0,79.0,158.0,36.93,84.14,EMI,No,1
ORD-0228,2023-01-27,Pune,Female,18,Electronics,Headphones,1,2999,20,2399.2,2399.2,1405.37,993.83,UPI,No,1
ORD-0229,2023-09-06,Bangalore,Male,35,Sports & Fitness,Skipping Rope,1,299,5,284.05,284.05,175.53,108.52,UPI,No,2
ORD-0230,2023-03-06,Delhi,Female,34,Clothing,Jacket,4,2499,10,2249.1,8996.4,1274.37,3898.92,Debit Card,No,4
ORD-0231,2023-07-20,Kolkata,Female,57,Home & Kitchen,Pressure Cooker,1,1899,5,1804.05,1804.05,970.26,833.79,Cash,No,3
ORD-0232,2024-03-26,Chennai,Female,38,Groceries,Tea Powder,2,299,25,224.25,448.5,152.52,143.46,Debit Card,No,3
ORD-0233,2023-10-26,Hyderabad,Female,41,Home & Kitchen,Water Bottle,1,399,5,379.05,379.05,205.56,173.49,Credit Card,No,2
ORD-0234,2023-07-04,Chennai,Female,36,Sports & Fitness,Yoga Mat,1,799,25,599.25,599.25,433.32,165.93,Credit Card,No,4
ORD-0235,2024-05-26,Kolkata,Female,22,Clothing,Dress,3,1599,5,1519.05,4557.15,930.19,1766.58,Cash,No,4
ORD-0236,2024-02-15,Mumbai,Female,62,Sports & Fitness,Skipping Rope,1,299,25,224.25,224.25,159.56,64.69,EMI,No,1
ORD-0237,2023-04-22,Kolkata,Female,45,Clothing,Dress,1,1599,5,1519.05,1519.05,899.67,619.38,Credit Card,Yes,3
ORD-0238,2023-08-16,Chennai,Female,41,Sports & Fitness,Skipping Rope,1,299,20,239.2,239.2,169.26,69.94,Cash,No,5
ORD-0239,2024-05-27,Kolkata,Male,25,Clothing,Dress,4,1599,0,1599.0,6396.0,752.98,3384.08,Debit Card,No,3
ORD-0240,2024-04-11,Ahmedabad,Female,38,Clothing,Shoes,3,1999,15,1699.15,5097.45,1089.92,1827.69,Credit Card,No,1
ORD-0241,2023-01-24,Chennai,Male,53,Groceries,Rice (5kg),2,349,25,261.75,523.5,221.96,79.58,Debit Card,No,4
ORD-0242,2024-04-18,Kolkata,Female,19,Clothing,Jacket,2,2499,25,1874.25,3748.5,1217.71,1313.08,EMI,No,4
ORD-0243,2024-03-15,Hyderabad,Male,54,Home & Kitchen,Pressure Cooker,1,1899,25,1424.25,1424.25,936.13,488.12,Credit Card,No,5
ORD-0244,2023-07-11,Ahmedabad,Female,56,Groceries,Biscuits Pack,4,79,5,75.05,300.2,37.35,150.8,Cash,No,5
ORD-0245,2023-04-27,Hyderabad,Male,61,Groceries,Biscuits Pack,2,79,15,67.15,134.3,48.41,37.48,Debit Card,No,2
ORD-0246,2023-11-09,Kolkata,Female,56,Electronics,Laptop,1,54999,10,49499.1,49499.1,32377.21,17121.89,Debit Card,No,4
ORD-0247,2023-07-10,Bangalore,Male,49,Home & Kitchen,Water Bottle,1,399,25,299.25,299.25,252.9,46.35,UPI,No,3
ORD-0248,2024-04-06,Ahmedabad,Male,30,Sports & Fitness,Yoga Mat,1,799,10,719.1,719.1,511.65,207.45,Cash,No,5
ORD-0249,2024-05-21,Ahmedabad,Female,28,Home & Kitchen,Curtains,1,1499,15,1274.15,1274.15,887.45,386.7,Credit Card,No,2
ORD-0250,2023-10-27,Bangalore,Female,54,Electronics,Headphones,1,2999,5,2849.05,2849.05,1672.01,1177.04,Cash,No,1
ORD-0251,2023-04-27,Ahmedabad,Male,45,Groceries,Atta (10kg),1,399,10,359.1,359.1,240.2,118.9,Credit Card,No,2
ORD-0252,2023-11-01,Delhi,Female,25,Electronics,Smartwatch,1,8999,10,8099.1,8099.1,4676.92,3422.18,Debit Card,No,5
ORD-0253,2023-12-26,Chennai,Male,21,Sports & Fitness,Protein Powder,1,1999,5,1899.05,1899.05,1145.89,753.16,EMI,No,3
ORD-0254,2023-06-22,Delhi,Male,44,Groceries,Biscuits Pack,3,79,10,71.1,213.3,50.6,61.5,Credit Card,No,2
ORD-0255,2023-05-16,Kolkata,Female,27,Clothing,Jeans,3,1299,25,974.25,2922.75,799.79,523.38,EMI,No,4
ORD-0256,2024-01-20,Delhi,Female,50,Home & Kitchen,Pressure Cooker,1,1899,25,1424.25,1424.25,1156.34,267.91,UPI,No,3
ORD-0257,2024-04-10,Delhi,Female,58,Home & Kitchen,Bed Sheet Set,1,999,20,799.2,799.2,450.04,349.16,UPI,No,5
ORD-0258,2024-02-12,Hyderabad,Female,53,Clothing,Jacket,4,2499,5,2374.05,9496.2,1258.76,4461.16,EMI,No,4
ORD-0259,2023-12-18,Ahmedabad,Male,25,Electronics,Smartphone,1,18999,0,18999.0,18999.0,10928.91,8070.09,Debit Card,No,1
ORD-0260,2024-03-14,Hyderabad,Male,59,Clothing,Jeans,3,1299,25,974.25,2922.75,625.85,1045.2,UPI,No,3
ORD-0261,2023-06-19,Chennai,Female,59,Electronics,Smartwatch,1,8999,25,6749.25,6749.25,4599.41,2149.84,Credit Card,No,1
ORD-0262,2023-08-07,Ahmedabad,Male,18,Home & Kitchen,Pressure Cooker,1,1899,5,1804.05,1804.05,1080.03,724.02,UPI,No,4
ORD-0263,2023-05-16,Delhi,Male,38,Home & Kitchen,Pressure Cooker,1,1899,5,1804.05,1804.05,1000.04,804.01,UPI,No,2
ORD-0264,2024-01-27,Bangalore,Female,40,Clothing,Jeans,1,1299,0,1299.0,1299.0,743.11,555.89,Debit Card,No,2
ORD-0265,2024-02-26,Delhi,Male,25,Sports & Fitness,Protein Powder,1,1999,5,1899.05,1899.05,934.21,964.84,EMI,No,3
ORD-0266,2024-03-15,Chennai,Female,62,Groceries,Cooking Oil,3,189,5,179.55,538.65,109.42,210.39,Credit Card,No,3
ORD-0267,2023-07-30,Kolkata,Female,59,Sports & Fitness,Skipping Rope,1,299,20,239.2,239.2,145.83,93.37,Credit Card,No,2
ORD-0268,2024-05-21,Delhi,Male,41,Home & Kitchen,Pressure Cooker,1,1899,5,1804.05,1804.05,1044.29,759.76,UPI,No,5
ORD-0269,2024-03-06,Delhi,Male,55,Groceries,Atta (10kg),2,399,25,299.25,598.5,240.42,117.66,Credit Card,Yes,2
ORD-0270,2023-02-10,Kolkata,Female,62,Electronics,Smartwatch,1,8999,20,7199.2,7199.2,4565.17,2634.03,Cash,No,5
ORD-0271,2023-06-06,Chennai,Male,52,Groceries,Rice (5kg),1,349,10,314.1,314.1,192.74,121.36,UPI,No,1
ORD-0272,2023-11-14,Kolkata,Male,47,Home & Kitchen,Mixer Grinder,1,3499,0,3499.0,3499.0,1745.64,1753.36,EMI,No,3
ORD-0273,2023-06-29,Mumbai,Male,49,Electronics,Smartphone,1,18999,25,14249.25,14249.25,9070.93,5178.32,UPI,No,3
ORD-0274,2023-06-20,Delhi,Male,39,Groceries,Cooking Oil,3,189,25,141.75,425.25,112.75,87.0,Cash,No,1
ORD-0275,2023-09-27,Pune,Male,49,Sports & Fitness,Yoga Mat,1,799,15,679.15,679.15,432.29,246.86,EMI,No,2
ORD-0276,2023-09-19,Chennai,Male,20,Electronics,Tablet,1,24999,25,18749.25,18749.25,14863.3,3885.95,Credit Card,No,4
ORD-0277,2024-01-08,Mumbai,Female,32,Home & Kitchen,Mixer Grinder,1,3499,5,3324.05,3324.05,2226.18,1097.87,UPI,No,3
ORD-0278,2023-10-05,Mumbai,Male,32,Electronics,Tablet,1,24999,10,22499.1,22499.1,11846.53,10652.57,EMI,No,4
ORD-0279,2023-03-12,Ahmedabad,Male,41,Home & Kitchen,Bed Sheet Set,1,999,10,899.1,899.1,514.94,384.16,Debit Card,No,3
ORD-0280,2023-09-06,Chennai,Male,27,Home & Kitchen,Bed Sheet Set,1,999,20,799.2,799.2,643.73,155.47,Credit Card,No,1
ORD-0281,2023-08-27,Mumbai,Female,18,Sports & Fitness,Running Shoes,1,2999,25,2249.25,2249.25,1853.13,396.12,Cash,No,3
ORD-0282,2023-04-17,Mumbai,Male,63,Clothing,Shoes,4,1999,5,1899.05,7596.2,1096.26,3211.16,UPI,No,2
ORD-0283,2024-06-16,Delhi,Male,50,Home & Kitchen,Bed Sheet Set,1,999,15,849.15,849.15,644.27,204.88,Debit Card,No,4
ORD-0284,2023-03-18,Bangalore,Male,36,Sports & Fitness,Skipping Rope,1,299,0,299.0,299.0,160.56,138.44,UPI,No,4
ORD-0285,2023-12-01,Chennai,Male,55,Groceries,Tea Powder,2,299,10,269.1,538.2,139.02,260.16,Credit Card,No,2
ORD-0286,2024-04-05,Pune,Male,46,Home & Kitchen,Bed Sheet Set,1,999,15,849.15,849.15,473.67,375.48,UPI,No,1
ORD-0287,2023-04-03,Pune,Male,23,Clothing,Dress,1,1599,25,1199.25,1199.25,788.31,410.94,Debit Card,No,4
ORD-0288,2024-06-09,Bangalore,Male,43,Electronics,Headphones,1,2999,10,2699.1,2699.1,1841.44,857.66,Cash,No,5
ORD-0289,2023-09-13,Bangalore,Male,18,Electronics,Smartwatch,1,8999,0,8999.0,8999.0,5496.4,3502.6,Credit Card,No,2
ORD-0290,2023-05-14,Hyderabad,Male,19,Clothing,Jacket,1,2499,10,2249.1,2249.1,1415.6,833.5,Credit Card,No,4
ORD-0291,2023-05-12,Ahmedabad,Male,28,Electronics,Headphones,1,2999,0,2999.0,2999.0,1375.16,1623.84,EMI,No,4
ORD-0292,2024-05-23,Pune,Male,29,Electronics,Smartwatch,1,8999,25,6749.25,6749.25,4817.46,1931.79,UPI,No,2
ORD-0293,2023-02-05,Hyderabad,Female,44,Sports & Fitness,Skipping Rope,1,299,20,239.2,239.2,149.25,89.95,EMI,No,1
ORD-0294,2023-10-14,Chennai,Male,42,Home & Kitchen,Mixer Grinder,1,3499,15,2974.15,2974.15,1714.13,1260.02,UPI,No,4
ORD-0295,2023-12-19,Bangalore,Male,38,Sports & Fitness,Skipping Rope,1,299,10,269.1,269.1,157.78,111.32,EMI,No,3
ORD-0296,2023-03-01,Chennai,Male,24,Home & Kitchen,Water Bottle,1,399,10,359.1,359.1,240.74,118.36,Debit Card,No,3
ORD-0297,2024-06-30,Kolkata,Female,29,Electronics,Laptop,1,54999,20,43999.2,43999.2,34060.94,9938.26,Debit Card,No,3
ORD-0298,2024-01-03,Bangalore,Male,49,Sports & Fitness,Yoga Mat,1,799,25,599.25,599.25,471.5,127.75,EMI,No,4
ORD-0299,2023-02-08,Mumbai,Female,18,Electronics,Smartphone,1,18999,5,18049.05,18049.05,10835.75,7213.3,UPI,No,2
ORD-0300,2023-05-14,Bangalore,Male,51,Groceries,Cooking Oil,1,189,10,170.1,170.1,85.88,84.22,UPI,No,3
ORD-0301,2024-02-10,Bangalore,Male,64,Sports & Fitness,Yoga Mat,1,799,10,719.1,719.1,407.77,311.33,Cash,No,4
ORD-0302,2023-11-21,Bangalore,Female,37,Clothing,Shoes,3,1999,25,1499.25,4497.75,988.8,1531.35,UPI,No,1
ORD-0303,2024-02-05,Chennai,Male,49,Sports & Fitness,Yoga Mat,1,799,5,759.05,759.05,455.81,303.24,Debit Card,No,1
ORD-0304,2023-09-01,Pune,Female,18,Groceries,Biscuits Pack,1,79,5,75.05,75.05,48.53,26.52,UPI,No,1
ORD-0305,2023-12-25,Ahmedabad,Female,28,Groceries,Rice (5kg),1,349,25,261.75,261.75,160.41,101.34,Cash,No,4
ORD-0306,2023-12-26,Chennai,Male,46,Sports & Fitness,Protein Powder,1,1999,0,1999.0,1999.0,1230.91,768.09,Credit Card,No,1
ORD-0307,2023-10-29,Delhi,Female,28,Electronics,Headphones,1,2999,10,2699.1,2699.1,1920.36,778.74,Cash,No,1
ORD-0308,2023-04-06,Kolkata,Male,56,Groceries,Atta (10kg),4,399,20,319.2,1276.8,235.77,333.72,Cash,No,1
ORD-0309,2023-12-06,Hyderabad,Male,24,Clothing,Jeans,3,1299,15,1104.15,3312.45,756.17,1043.94,Credit Card,No,5
ORD-0310,2024-05-17,Hyderabad,Female,30,Clothing,T-Shirt,1,599,10,539.1,539.1,320.78,218.32,Credit Card,Yes,2
ORD-0311,2023-10-26,Kolkata,Female,49,Electronics,Smartwatch,1,8999,0,8999.0,8999.0,4604.52,4394.48,UPI,No,5
ORD-0312,2024-02-01,Mumbai,Female,46,Clothing,Dress,3,1599,15,1359.15,4077.45,779.22,1739.79,Cash,No,3
ORD-0313,2023-03-05,Kolkata,Male,53,Clothing,T-Shirt,3,599,0,599.0,1797.0,366.37,697.89,Credit Card,No,5
ORD-0314,2024-03-04,Ahmedabad,Female,23,Sports & Fitness,Protein Powder,1,1999,20,1599.2,1599.2,1252.04,347.16,Cash,No,1
ORD-0315,2024-05-29,Bangalore,Male,46,Sports & Fitness,Skipping Rope,1,299,20,239.2,239.2,175.07,64.13,Debit Card,No,2
ORD-0316,2023-08-05,Kolkata,Male,58,Clothing,Jeans,4,1299,0,1299.0,5196.0,604.91,2776.36,Debit Card,No,3
ORD-0317,2023-11-24,Pune,Female,51,Electronics,Smartphone,1,18999,15,16149.15,16149.15,10663.62,5485.53,Cash,No,1
ORD-0318,2024-06-19,Delhi,Male,54,Home & Kitchen,Pressure Cooker,1,1899,15,1614.15,1614.15,911.38,702.77,Credit Card,No,5
ORD-0319,2023-12-19,Ahmedabad,Male,29,Home & Kitchen,Bed Sheet Set,1,999,15,849.15,849.15,580.38,268.77,UPI,No,5
ORD-0320,2024-02-16,Mumbai,Female,35,Electronics,Smartwatch,1,8999,10,8099.1,8099.1,5292.34,2806.76,UPI,Yes,3
ORD-0321,2023-11-15,Chennai,Male,37,Groceries,Tea Powder,1,299,25,224.25,224.25,192.71,31.54,Cash,No,3
ORD-0322,2023-10-03,Ahmedabad,Male,44,Home & Kitchen,Water Bottle,1,399,25,299.25,299.25,186.68,112.57,Cash,No,3
ORD-0323,2023-02-27,Kolkata,Male,51,Sports & Fitness,Dumbbells,1,2199,0,2199.0,2199.0,1126.38,1072.62,EMI,Yes,2
ORD-0324,2023-07-25,Pune,Male,35,Electronics,Laptop,1,54999,0,54999.0,54999.0,29770.39,25228.61,UPI,No,5
ORD-0325,2024-02-11,Ahmedabad,Male,48,Electronics,Smartphone,1,18999,5,18049.05,18049.05,9964.85,8084.2,EMI,No,3
ORD-0326,2023-06-17,Bangalore,Male,32,Groceries,Rice (5kg),1,349,10,314.1,314.1,184.03,130.07,Debit Card,No,3
ORD-0327,2024-02-24,Bangalore,Male,56,Sports & Fitness,Yoga Mat,1,799,25,599.25,599.25,360.97,238.28,Credit Card,No,5
ORD-0328,2023-11-09,Chennai,Female,37,Groceries,Tea Powder,3,299,15,254.15,762.45,162.0,276.45,EMI,No,4
ORD-0329,2023-04-15,Pune,Female,37,Electronics,Tablet,1,24999,25,18749.25,18749.25,16081.78,2667.47,Credit Card,No,3
ORD-0330,2023-10-11,Chennai,Male,56,Groceries,Biscuits Pack,3,79,10,71.1,213.3,38.53,97.71,Cash,No,2
ORD-0331,2023-01-27,Kolkata,Female,65,Home & Kitchen,Bed Sheet Set,1,999,10,899.1,899.1,630.75,268.35,Credit Card,No,5
ORD-0332,2023-07-14,Pune,Female,28,Groceries,Cooking Oil,4,189,25,141.75,567.0,119.32,89.72,EMI,No,1
ORD-0333,2024-04-27,Pune,Male,32,Clothing,Dress,2,1599,25,1199.25,2398.5,1022.38,353.74,UPI,No,3
ORD-0334,2024-03-06,Delhi,Female,21,Groceries,Biscuits Pack,3,79,10,71.1,213.3,42.88,84.66,EMI,No,5
ORD-0335,2023-03-14,Kolkata,Female,44,Home & Kitchen,Mixer Grinder,1,3499,20,2799.2,2799.2,1658.4,1140.8,Credit Card,No,2
ORD-0336,2023-05-21,Bangalore,Male,49,Clothing,Dress,4,1599,15,1359.15,5436.6,765.35,2375.2,UPI,No,2
ORD-0337,2023-11-17,Bangalore,Male,49,Electronics,Smartphone,1,18999,15,16149.15,16149.15,9588.9,6560.25,Credit Card,No,4
ORD-0338,2024-03-15,Mumbai,Male,64,Home & Kitchen,Curtains,1,1499,15,1274.15,1274.15,789.47,484.68,UPI,No,3
ORD-0339,2024-06-27,Chennai,Male,62,Clothing,T-Shirt,1,599,25,449.25,449.25,344.63,104.62,UPI,No,1
ORD-0340,2024-01-28,Mumbai,Female,36,Sports & Fitness,Skipping Rope,1,299,10,269.1,269.1,144.54,124.56,Cash,No,5
ORD-0341,2024-06-20,Ahmedabad,Female,30,Groceries,Tea Powder,2,299,25,224.25,448.5,155.05,138.4,Debit Card,No,4
ORD-0342,2023-01-20,Mumbai,Male,25,Clothing,Jeans,2,1299,25,974.25,1948.5,639.42,669.66,UPI,No,1
ORD-0343,2024-01-20,Mumbai,Male,59,Groceries,Atta (10kg),1,399,20,319.2,319.2,226.95,92.25,Credit Card,Yes,1
ORD-0344,2024-03-02,Ahmedabad,Male,31,Home & Kitchen,Curtains,1,1499,0,1499.0,1499.0,838.63,660.37,Credit Card,No,1
ORD-0345,2024-06-16,Delhi,Male,36,Groceries,Atta (10kg),2,399,20,319.2,638.4,212.97,212.46,Credit Card,No,4
ORD-0346,2023-07-23,Chennai,Female,63,Sports & Fitness,Dumbbells,1,2199,10,1979.1,1979.1,1355.24,623.86,Cash,No,1
ORD-0347,2024-05-23,Delhi,Male,54,Clothing,Jacket,2,2499,10,2249.1,4498.2,1125.92,2246.36,Cash,No,1
ORD-0348,2024-06-07,Ahmedabad,Female,34,Electronics,Smartphone,1,18999,10,17099.1,17099.1,10997.9,6101.2,Cash,Yes,2
ORD-0349,2023-02-10,Delhi,Male,20,Groceries,Biscuits Pack,3,79,25,59.25,177.75,42.28,50.91,Credit Card,No,2
ORD-0350,2023-12-03,Delhi,Female,39,Groceries,Tea Powder,3,299,20,239.2,717.6,187.08,156.36,Debit Card,No,4
ORD-0351,2024-04-12,Bangalore,Male,26,Groceries,Tea Powder,4,299,25,224.25,897.0,182.38,167.48,Credit Card,No,2
ORD-0352,2023-04-17,Ahmedabad,Male,57,Home & Kitchen,Water Bottle,1,399,15,339.15,339.15,243.57,95.58,Cash,No,5
ORD-0353,2023-01-30,Ahmedabad,Male,22,Clothing,Jacket,1,2499,15,2124.15,2124.15,1568.17,555.98,UPI,No,1
ORD-0354,2024-06-21,Pune,Male,45,Sports & Fitness,Skipping Rope,1,299,5,284.05,284.05,193.03,91.02,Debit Card,No,4
ORD-0355,2023-06-02,Bangalore,Female,49,Sports & Fitness,Skipping Rope,1,299,0,299.0,299.0,135.25,163.75,Debit Card,No,4
ORD-0356,2023-11-25,Kolkata,Female,33,Clothing,Dress,1,1599,10,1439.1,1439.1,881.67,557.43,Credit Card,No,5
ORD-0357,2024-04-03,Ahmedabad,Male,24,Electronics,Smartwatch,1,8999,15,7649.15,7649.15,4618.4,3030.75,Cash,No,5
ORD-0358,2023-01-01,Chennai,Female,39,Electronics,Tablet,1,24999,20,19999.2,19999.2,14437.11,5562.09,UPI,No,2
ORD-0359,2024-04-10,Pune,Female,25,Groceries,Atta (10kg),4,399,20,319.2,1276.8,236.74,329.84,Credit Card,No,2
ORD-0360,2023-01-03,Pune,Male,20,Groceries,Biscuits Pack,3,79,25,59.25,177.75,44.2,45.15,Debit Card,No,4
ORD-0361,2023-04-20,Kolkata,Male,47,Groceries,Atta (10kg),2,399,5,379.05,758.1,189.19,379.72,Debit Card,No,1
ORD-0362,2024-02-29,Ahmedabad,Female,60,Electronics,Tablet,1,24999,0,24999.0,24999.0,15110.12,9888.88,EMI,No,2
ORD-0363,2024-05-25,Kolkata,Female,50,Electronics,Tablet,1,24999,25,18749.25,18749.25,11492.4,7256.85,Debit Card,No,2
ORD-0364,2023-05-12,Pune,Female,44,Electronics,Smartwatch,1,8999,25,6749.25,6749.25,5130.41,1618.84,EMI,No,2
ORD-0365,2023-10-08,Bangalore,Male,44,Home & Kitchen,Bed Sheet Set,1,999,10,899.1,899.1,540.03,359.07,EMI,No,5
ORD-0366,2023-11-03,Chennai,Male,31,Sports & Fitness,Running Shoes,1,2999,25,2249.25,2249.25,1791.49,457.76,EMI,No,3
ORD-0367,2023-05-16,Pune,Female,55,Clothing,Shoes,3,1999,20,1599.2,4797.6,1183.55,1246.95,EMI,No,4
ORD-0368,2024-06-30,Bangalore,Male,60,Groceries,Tea Powder,1,299,0,299.0,299.0,136.06,162.94,Credit Card,No,2
ORD-0369,2023-10-21,Mumbai,Female,46,Groceries,Cooking Oil,3,189,0,189.0,567.0,92.76,288.72,Credit Card,No,5
ORD-0370,2023-08-18,Hyderabad,Male,42,Sports & Fitness,Protein Powder,1,1999,5,1899.05,1899.05,1103.82,795.23,Cash,No,3
ORD-0371,2023-02-25,Ahmedabad,Male,58,Electronics,Headphones,1,2999,5,2849.05,2849.05,1721.76,1127.29,UPI,No,5
ORD-0372,2023-07-21,Delhi,Male,29,Clothing,Dress,2,1599,15,1359.15,2718.3,1034.06,650.18,EMI,No,1
ORD-0373,2024-03-14,Hyderabad,Male,39,Groceries,Atta (10kg),2,399,10,359.1,718.2,192.39,333.42,Cash,No,2
ORD-0374,2023-02-10,Hyderabad,Female,54,Clothing,Dress,1,1599,20,1279.2,1279.2,966.97,312.23,EMI,No,3
ORD-0375,2024-06-22,Bangalore,Female,52,Clothing,Jeans,1,1299,20,1039.2,1039.2,788.82,250.38,EMI,No,3
ORD-0376,2023-08-15,Ahmedabad,Male,25,Clothing,Dress,3,1599,10,1439.1,4317.3,813.44,1876.98,UPI,No,5
ORD-0377,2023-09-07,Delhi,Female,34,Electronics,Headphones,1,2999,15,2549.15,2549.15,1898.93,650.22,EMI,No,1
ORD-0378,2024-06-13,Hyderabad,Male,38,Groceries,Atta (10kg),4,399,20,319.2,1276.8,218.4,403.2,EMI,No,1
ORD-0379,2023-06-21,Chennai,Male,61,Sports & Fitness,Skipping Rope,1,299,0,299.0,299.0,172.04,126.96,Cash,No,2
ORD-0380,2024-03-21,Pune,Male,23,Electronics,Laptop,1,54999,0,54999.0,54999.0,29800.94,25198.06,Credit Card,Yes,3
ORD-0381,2023-03-14,Ahmedabad,Female,45,Sports & Fitness,Dumbbells,1,2199,10,1979.1,1979.1,1168.83,810.27,UPI,Yes,1
ORD-0382,2024-07-01,Mumbai,Male,40,Electronics,Tablet,1,24999,0,24999.0,24999.0,15029.2,9969.8,EMI,No,3
ORD-0383,2023-03-30,Mumbai,Female,28,Groceries,Tea Powder,4,299,15,254.15,1016.6,183.71,281.76,EMI,No,4
ORD-0384,2023-10-30,Mumbai,Male,25,Clothing,Dress,3,1599,25,1199.25,3597.75,1025.72,520.59,Credit Card,Yes,5
ORD-0385,2024-02-08,Pune,Male,44,Sports & Fitness,Skipping Rope,1,299,0,299.0,299.0,152.77,146.23,EMI,No,2
ORD-0386,2023-08-15,Mumbai,Female,59,Sports & Fitness,Running Shoes,1,2999,5,2849.05,2849.05,1418.3,1430.75,EMI,No,1
ORD-0387,2023-09-14,Pune,Female,26,Electronics,Laptop,1,54999,25,41249.25,41249.25,31135.99,10113.26,Debit Card,No,5
ORD-0388,2023-03-13,Hyderabad,Male,54,Clothing,Dress,4,1599,15,1359.15,5436.6,824.56,2138.36,EMI,No,3
ORD-0389,2024-03-14,Kolkata,Female,41,Clothing,T-Shirt,2,599,10,539.1,1078.2,363.67,350.86,Debit Card,No,3
ORD-0390,2024-05-06,Ahmedabad,Male,29,Home & Kitchen,Curtains,1,1499,10,1349.1,1349.1,906.83,442.27,EMI,No,3
ORD-0391,2023-05-24,Delhi,Male,19,Sports & Fitness,Dumbbells,1,2199,10,1979.1,1979.1,1312.16,666.94,EMI,No,5
ORD-0392,2024-02-19,Ahmedabad,Male,41,Sports & Fitness,Dumbbells,1,2199,0,2199.0,2199.0,1232.14,966.86,Cash,No,5
ORD-0393,2023-10-25,Mumbai,Male,57,Clothing,Jacket,1,2499,20,1999.2,1999.2,1322.86,676.34,Debit Card,No,2
ORD-0394,2024-04-01,Ahmedabad,Female,20,Clothing,Jeans,2,1299,20,1039.2,2078.4,775.74,526.92,Debit Card,No,2
ORD-0395,2023-03-06,Pune,Female,48,Groceries,Biscuits Pack,1,79,5,75.05,75.05,46.11,28.94,Cash,No,1
ORD-0396,2023-11-28,Hyderabad,Male,42,Electronics,Tablet,1,24999,25,18749.25,18749.25,15397.62,3351.63,Cash,No,1
ORD-0397,2024-06-13,Pune,Female,48,Groceries,Tea Powder,4,299,5,284.05,1136.2,155.65,513.6,EMI,Yes,2
ORD-0398,2024-03-26,Bangalore,Male,41,Clothing,Jeans,3,1299,0,1299.0,3897.0,639.5,1978.5,EMI,No,1
ORD-0399,2023-08-24,Ahmedabad,Female,31,Home & Kitchen,Bed Sheet Set,1,999,25,749.25,749.25,472.2,277.05,EMI,No,4
ORD-0400,2023-01-23,Mumbai,Male,21,Clothing,T-Shirt,2,599,5,569.05,1138.1,285.69,566.72,Debit Card,No,2
ORD-0401,2024-06-13,Hyderabad,Male,31,Home & Kitchen,Water Bottle,1,399,20,319.2,319.2,230.43,88.77,Cash,No,4
ORD-0402,2024-05-08,Bangalore,Female,28,Clothing,Jeans,2,1299,15,1104.15,2208.3,790.99,626.32,UPI,No,5
ORD-0403,2023-03-12,Chennai,Female,27,Clothing,Jacket,2,2499,15,2124.15,4248.3,1178.81,1890.68,EMI,No,4
ORD-0404,2023-02-09,Bangalore,Male,61,Sports & Fitness,Skipping Rope,1,299,0,299.0,299.0,140.12,158.88,Cash,No,3
ORD-0405,2023-02-14,Ahmedabad,Female,40,Sports & Fitness,Protein Powder,1,1999,5,1899.05,1899.05,1274.73,624.32,EMI,No,5
ORD-0406,2023-04-11,Chennai,Male,36,Home & Kitchen,Mixer Grinder,1,3499,10,3149.1,3149.1,1908.45,1240.65,EMI,No,4
ORD-0407,2023-09-21,Delhi,Male,42,Clothing,T-Shirt,1,599,25,449.25,449.25,338.79,110.46,Debit Card,No,3
ORD-0408,2024-02-23,Hyderabad,Female,52,Groceries,Rice (5kg),4,349,5,331.55,1326.2,202.53,516.08,Cash,No,5
ORD-0409,2023-10-10,Ahmedabad,Male,41,Home & Kitchen,Mixer Grinder,1,3499,15,2974.15,2974.15,1960.91,1013.24,EMI,No,3
ORD-0410,2023-11-11,Bangalore,Male,65,Sports & Fitness,Running Shoes,1,2999,25,2249.25,2249.25,1588.35,660.9,Debit Card,No,2
ORD-0411,2023-04-13,Mumbai,Male,42,Clothing,Shoes,3,1999,15,1699.15,5097.45,1219.73,1438.26,Credit Card,No,2
ORD-0412,2024-04-27,Chennai,Female,23,Sports & Fitness,Protein Powder,1,1999,0,1999.0,1999.0,925.17,1073.83,EMI,Yes,4
ORD-0413,2024-02-15,Mumbai,Male,58,Sports & Fitness,Skipping Rope,1,299,10,269.1,269.1,177.1,92.0,Cash,No,2
ORD-0414,2024-06-14,Mumbai,Female,33,Groceries,Cooking Oil,2,189,0,189.0,378.0,108.3,161.4,Credit Card,No,1
ORD-0415,2023-10-10,Chennai,Male,65,Home & Kitchen,Bed Sheet Set,1,999,25,749.25,749.25,528.5,220.75,Credit Card,No,5
ORD-0416,2023-10-19,Hyderabad,Male,56,Sports & Fitness,Skipping Rope,1,299,10,269.1,269.1,155.33,113.77,Debit Card,No,4
ORD-0417,2023-01-05,Hyderabad,Female,25,Groceries,Cooking Oil,1,189,15,160.65,160.65,106.17,54.48,EMI,No,5
ORD-0418,2023-09-14,Chennai,Female,47,Home & Kitchen,Curtains,1,1499,20,1199.2,1199.2,819.54,379.66,Cash,No,1
ORD-0419,2024-05-08,Chennai,Male,38,Electronics,Headphones,1,2999,0,2999.0,2999.0,1579.08,1419.92,Cash,No,5
ORD-0420,2023-01-10,Pune,Male,53,Groceries,Cooking Oil,1,189,10,170.1,170.1,100.13,69.97,Debit Card,No,3
ORD-0421,2023-08-12,Chennai,Female,65,Sports & Fitness,Running Shoes,1,2999,5,2849.05,2849.05,1917.63,931.42,Debit Card,No,2
ORD-0422,2023-09-29,Pune,Male,24,Clothing,Jeans,2,1299,5,1234.05,2468.1,801.83,864.44,Credit Card,No,4
ORD-0423,2023-01-07,Pune,Female,54,Sports & Fitness,Yoga Mat,1,799,15,679.15,679.15,418.87,260.28,UPI,No,5
ORD-0424,2023-10-14,Kolkata,Female,52,Home & Kitchen,Mixer Grinder,1,3499,20,2799.2,2799.2,1664.3,1134.9,Credit Card,No,4
ORD-0425,2023-06-28,Pune,Male,18,Home & Kitchen,Pressure Cooker,1,1899,25,1424.25,1424.25,1051.36,372.89,Debit Card,No,1
ORD-0426,2023-11-30,Chennai,Female,48,Groceries,Atta (10kg),2,399,10,359.1,718.2,223.33,271.54,EMI,No,2
ORD-0427,2024-05-25,Pune,Female,43,Home & Kitchen,Mixer Grinder,1,3499,15,2974.15,2974.15,2064.91,909.24,UPI,No,5
ORD-0428,2023-05-15,Chennai,Female,42,Sports & Fitness,Dumbbells,1,2199,0,2199.0,2199.0,1306.56,892.44,Debit Card,No,2
ORD-0429,2024-04-29,Pune,Female,37,Electronics,Laptop,1,54999,15,46749.15,46749.15,30245.03,16504.12,UPI,No,5
ORD-0430,2023-02-18,Chennai,Female,48,Home & Kitchen,Pressure Cooker,1,1899,25,1424.25,1424.25,916.59,507.66,Credit Card,No,3
ORD-0431,2023-09-24,Kolkata,Male,40,Groceries,Biscuits Pack,3,79,20,63.2,189.6,40.99,66.63,EMI,No,5
ORD-0432,2023-06-28,Ahmedabad,Male,42,Groceries,Biscuits Pack,4,79,10,71.1,284.4,47.79,93.24,EMI,No,2
ORD-0433,2023-06-21,Delhi,Male,28,Groceries,Tea Powder,4,299,25,224.25,897.0,185.31,155.76,UPI,No,3
ORD-0434,2023-10-26,Ahmedabad,Female,65,Groceries,Atta (10kg),4,399,25,299.25,1197.0,201.2,392.2,EMI,No,4
ORD-0435,2024-02-28,Hyderabad,Male,31,Clothing,Jeans,2,1299,0,1299.0,2598.0,773.63,1050.74,Debit Card,No,1
ORD-0436,2023-03-07,Kolkata,Male,24,Home & Kitchen,Water Bottle,1,399,0,399.0,399.0,181.65,217.35,UPI,No,1
ORD-0437,2024-02-04,Bangalore,Male,51,Groceries,Cooking Oil,3,189,5,179.55,538.65,101.8,233.25,Debit Card,Yes,3
ORD-0438,2023-11-30,Ahmedabad,Male,62,Home & Kitchen,Curtains,1,1499,20,1199.2,1199.2,954.82,244.38,EMI,No,5
ORD-0439,2024-04-12,Hyderabad,Female,48,Sports & Fitness,Protein Powder,1,1999,20,1599.2,1599.2,1155.34,443.86,EMI,No,1
ORD-0440,2024-03-28,Mumbai,Male,51,Groceries,Biscuits Pack,3,79,15,67.15,201.45,38.01,87.42,Debit Card,No,4
ORD-0441,2024-07-01,Kolkata,Female,56,Electronics,Smartwatch,1,8999,15,7649.15,7649.15,4588.79,3060.36,Debit Card,No,5
ORD-0442,2024-01-18,Bangalore,Female,42,Clothing,Jacket,4,2499,20,1999.2,7996.8,1321.85,2709.4,Debit Card,No,4
ORD-0443,2023-09-03,Hyderabad,Female,44,Sports & Fitness,Skipping Rope,1,299,25,224.25,224.25,175.49,48.76,Debit Card,No,2
ORD-0444,2023-05-20,Hyderabad,Female,30,Groceries,Rice (5kg),4,349,25,261.75,1047.0,200.17,246.32,UPI,Yes,1
ORD-0445,2024-07-01,Bangalore,Female,64,Electronics,Laptop,1,54999,0,54999.0,54999.0,27852.75,27146.25,Credit Card,No,2
ORD-0446,2023-01-16,Ahmedabad,Female,47,Home & Kitchen,Mixer Grinder,1,3499,10,3149.1,3149.1,1868.64,1280.46,Credit Card,No,2
ORD-0447,2023-02-27,Hyderabad,Female,18,Groceries,Tea Powder,4,299,0,299.0,1196.0,145.41,614.36,Credit Card,No,2
ORD-0448,2024-01-30,Chennai,Female,65,Home & Kitchen,Mixer Grinder,1,3499,25,2624.25,2624.25,2270.53,353.72,Credit Card,No,2
ORD-0449,2024-04-29,Mumbai,Male,34,Home & Kitchen,Bed Sheet Set,1,999,10,899.1,899.1,481.24,417.86,Cash,No,2
ORD-0450,2024-01-05,Kolkata,Female,18,Electronics,Laptop,1,54999,0,54999.0,54999.0,27345.13,27653.87,Debit Card,No,5
ORD-0451,2023-05-03,Ahmedabad,Male,41,Home & Kitchen,Mixer Grinder,1,3499,0,3499.0,3499.0,2252.54,1246.46,Credit Card,No,4
ORD-0452,2023-04-04,Pune,Male,62,Sports & Fitness,Running Shoes,1,2999,25,2249.25,2249.25,1385.57,863.68,EMI,No,2
ORD-0453,2024-05-14,Ahmedabad,Male,19,Clothing,Dress,3,1599,20,1279.2,3837.6,977.16,906.12,Cash,No,2
ORD-0454,2023-09-14,Hyderabad,Female,30,Electronics,Smartwatch,1,8999,25,6749.25,6749.25,4836.96,1912.29,EMI,No,3
ORD-0455,2023-11-28,Bangalore,Male,51,Home & Kitchen,Bed Sheet Set,1,999,20,799.2,799.2,632.26,166.94,Debit Card,No,3
ORD-0456,2024-01-11,Bangalore,Male,57,Home & Kitchen,Pressure Cooker,1,1899,25,1424.25,1424.25,1046.71,377.54,UPI,No,2
ORD-0457,2023-11-25,Ahmedabad,Male,57,Electronics,Tablet,1,24999,15,21249.15,21249.15,12198.86,9050.29,UPI,No,3
ORD-0458,2023-04-24,Bangalore,Male,20,Electronics,Tablet,1,24999,25,18749.25,18749.25,11582.94,7166.31,Debit Card,No,2
ORD-0459,2023-04-12,Ahmedabad,Female,21,Electronics,Tablet,1,24999,25,18749.25,18749.25,15430.88,3318.37,UPI,No,1
ORD-0460,2023-01-14,Mumbai,Female,53,Clothing,Jacket,4,2499,0,2499.0,9996.0,1524.9,3896.4,Cash,No,1
ORD-0461,2023-09-30,Hyderabad,Male,31,Sports & Fitness,Yoga Mat,1,799,25,599.25,599.25,370.8,228.45,EMI,No,2
ORD-0462,2024-06-28,Chennai,Male,53,Home & Kitchen,Mixer Grinder,1,3499,5,3324.05,3324.05,1942.78,1381.27,EMI,No,1
ORD-0463,2024-01-02,Bangalore,Female,50,Home & Kitchen,Curtains,1,1499,0,1499.0,1499.0,724.56,774.44,UPI,No,5
ORD-0464,2024-03-29,Kolkata,Female,64,Groceries,Biscuits Pack,3,79,20,63.2,189.6,48.9,42.9,UPI,No,5
ORD-0465,2023-08-08,Ahmedabad,Female,43,Home & Kitchen,Water Bottle,1,399,25,299.25,299.25,199.83,99.42,Credit Card,No,3
ORD-0466,2023-01-17,Chennai,Male,38,Sports & Fitness,Dumbbells,1,2199,10,1979.1,1979.1,992.44,986.66,Credit Card,No,3
ORD-0467,2024-06-07,Mumbai,Female,40,Sports & Fitness,Skipping Rope,1,299,20,239.2,239.2,143.8,95.4,Debit Card,No,3
ORD-0468,2023-09-13,Chennai,Male,64,Clothing,Dress,1,1599,10,1439.1,1439.1,901.99,537.11,UPI,No,2
ORD-0469,2024-05-14,Mumbai,Female,23,Sports & Fitness,Yoga Mat,1,799,20,639.2,639.2,462.18,177.02,Credit Card,No,3
ORD-0470,2023-12-23,Chennai,Male,58,Home & Kitchen,Curtains,1,1499,0,1499.0,1499.0,935.31,563.69,Cash,Yes,5
ORD-0471,2023-02-12,Chennai,Male,21,Groceries,Atta (10kg),2,399,20,319.2,638.4,205.63,227.14,Cash,No,5
ORD-0472,2024-05-31,Kolkata,Male,26,Electronics,Laptop,1,54999,15,46749.15,46749.15,27937.11,18812.04,UPI,No,5
ORD-0473,2023-02-20,Kolkata,Male,26,Sports & Fitness,Protein Powder,1,1999,10,1799.1,1799.1,933.56,865.54,Cash,No,4
ORD-0474,2024-02-09,Chennai,Male,22,Sports & Fitness,Dumbbells,1,2199,20,1759.2,1759.2,1260.47,498.73,UPI,No,3
ORD-0475,2023-04-02,Chennai,Female,40,Electronics,Smartwatch,1,8999,15,7649.15,7649.15,4706.96,2942.19,EMI,No,3
ORD-0476,2023-06-23,Chennai,Male,61,Groceries,Atta (10kg),2,399,15,339.15,678.3,214.7,248.9,UPI,No,1
ORD-0477,2023-04-26,Hyderabad,Male,39,Electronics,Laptop,1,54999,20,43999.2,43999.2,34943.39,9055.81,Credit Card,No,4
ORD-0478,2023-01-24,Hyderabad,Female,57,Groceries,Cooking Oil,2,189,25,141.75,283.5,92.75,98.0,Debit Card,No,1
ORD-0479,2024-01-21,Mumbai,Female,30,Sports & Fitness,Skipping Rope,1,299,0,299.0,299.0,149.83,149.17,EMI,No,4
ORD-0480,2023-01-09,Pune,Male,19,Electronics,Smartwatch,1,8999,25,6749.25,6749.25,4537.85,2211.4,UPI,No,4
ORD-0481,2023-08-25,Pune,Female,56,Home & Kitchen,Water Bottle,1,399,25,299.25,299.25,187.5,111.75,EMI,No,2
ORD-0482,2024-05-27,Chennai,Female,39,Home & Kitchen,Water Bottle,1,399,25,299.25,299.25,181.26,117.99,Cash,No,2
ORD-0483,2023-01-19,Hyderabad,Male,58,Groceries,Biscuits Pack,3,79,10,71.1,213.3,39.28,95.46,UPI,No,1
ORD-0484,2023-10-14,Delhi,Female,51,Clothing,Jeans,4,1299,10,1169.1,4676.4,755.22,1655.52,EMI,No,2
ORD-0485,2024-03-03,Pune,Female,52,Clothing,Shoes,4,1999,5,1899.05,7596.2,1287.57,2445.92,Debit Card,No,2
ORD-0486,2023-07-27,Bangalore,Male,38,Clothing,Dress,2,1599,25,1199.25,2398.5,857.08,684.34,Credit Card,No,1
ORD-0487,2023-07-08,Kolkata,Female,37,Groceries,Cooking Oil,1,189,25,141.75,141.75,113.98,27.77,Cash,No,3
ORD-0488,2023-06-05,Hyderabad,Male,56,Clothing,T-Shirt,2,599,5,569.05,1138.1,272.69,592.72,Debit Card,No,1
ORD-0489,2024-01-03,Ahmedabad,Female,29,Electronics,Smartwatch,1,8999,5,8549.05,8549.05,4953.63,3595.42,Cash,No,2
ORD-0490,2023-06-17,Mumbai,Female,44,Clothing,Jeans,4,1299,0,1299.0,5196.0,783.18,2063.28,Debit Card,No,2
ORD-0491,2023-07-29,Ahmedabad,Female,47,Electronics,Laptop,1,54999,15,46749.15,46749.15,34287.8,12461.35,Debit Card,No,1
ORD-0492,2024-01-25,Ahmedabad,Female,20,Groceries,Tea Powder,1,299,20,239.2,239.2,165.68,73.52,Debit Card,No,4
ORD-0493,2023-02-10,Mumbai,Male,36,Sports & Fitness,Protein Powder,1,1999,20,1599.2,1599.2,1205.46,393.74,Cash,No,3
ORD-0494,2023-10-20,Mumbai,Male,47,Home & Kitchen,Mixer Grinder,1,3499,15,2974.15,2974.15,1780.58,1193.57,Cash,No,5
ORD-0495,2023-04-26,Pune,Female,19,Clothing,Shoes,2,1999,25,1499.25,2998.5,1056.7,885.1,Debit Card,No,2
ORD-0496,2024-04-10,Bangalore,Male,23,Electronics,Headphones,1,2999,10,2699.1,2699.1,1764.44,934.66,Credit Card,No,3
ORD-0497,2023-03-29,Bangalore,Female,53,Sports & Fitness,Protein Powder,1,1999,25,1499.25,1499.25,1215.82,283.43,Cash,Yes,2
ORD-0498,2023-12-10,Bangalore,Male,44,Sports & Fitness,Dumbbells,1,2199,5,2089.05,2089.05,1371.66,717.39,UPI,No,4
ORD-0499,2023-10-23,Hyderabad,Male,47,Clothing,T-Shirt,2,599,5,569.05,1138.1,269.97,598.16,Cash,No,5
ORD-0500,2023-01-06,Ahmedabad,Female,44,Sports & Fitness,Protein Powder,1,1999,5,1899.05,1899.05,986.26,912.79,Cash,No,5
ORD-0501,2023-01-07,Bangalore,Male,59,Clothing,Shoes,2,1999,10,1799.1,3598.2,919.11,1759.98,UPI,Yes,1
ORD-0502,2023-11-02,Bangalore,Male,61,Groceries,Rice (5kg),1,349,0,349.0,349.0,186.15,162.85,UPI,No,5
ORD-0503,2023-07-01,Delhi,Female,38,Home & Kitchen,Water Bottle,1,399,10,359.1,359.1,253.88,105.22,UPI,No,1
ORD-0504,2024-03-13,Delhi,Female,39,Sports & Fitness,Yoga Mat,1,799,10,719.1,719.1,434.79,284.31,EMI,No,2
ORD-0505,2023-08-03,Delhi,Female,64,Sports & Fitness,Yoga Mat,1,799,0,799.0,799.0,450.85,348.15,EMI,No,3
ORD-0506,2024-03-13,Pune,Male,57,Sports & Fitness,Running Shoes,1,2999,10,2699.1,2699.1,1664.68,1034.42,EMI,No,4
ORD-0507,2024-05-19,Mumbai,Male,19,Clothing,Shoes,3,1999,5,1899.05,5697.15,1291.06,1823.97,Cash,No,1
ORD-0508,2023-08-01,Pune,Male,18,Sports & Fitness,Protein Powder,1,1999,15,1699.15,1699.15,917.74,781.41,Debit Card,No,3
ORD-0509,2023-03-11,Delhi,Female,39,Groceries,Biscuits Pack,3,79,20,63.2,189.6,47.67,46.59,Cash,No,5
ORD-0510,2023-01-30,Ahmedabad,Female,20,Clothing,Jeans,3,1299,10,1169.1,3507.3,824.16,1034.82,Debit Card,No,4
ORD-0511,2023-12-10,Hyderabad,Female,53,Home & Kitchen,Curtains,1,1499,25,1124.25,1124.25,691.35,432.9,EMI,Yes,5
ORD-0512,2023-12-06,Pune,Female,58,Groceries,Rice (5kg),3,349,5,331.55,994.65,215.73,347.46,EMI,No,5
ORD-0513,2024-02-03,Pune,Male,35,Clothing,Shoes,3,1999,0,1999.0,5997.0,1181.52,2452.44,Cash,No,2
ORD-0514,2024-01-16,Bangalore,Male,41,Home & Kitchen,Bed Sheet Set,1,999,5,949.05,949.05,554.47,394.58,Credit Card,No,1
ORD-0515,2024-03-30,Bangalore,Male,39,Sports & Fitness,Yoga Mat,1,799,15,679.15,679.15,504.16,174.99,Cash,No,5
ORD-0516,2023-11-14,Mumbai,Female,42,Groceries,Cooking Oil,2,189,0,189.0,378.0,92.81,192.38,EMI,No,3
ORD-0517,2023-02-15,Mumbai,Male,51,Sports & Fitness,Yoga Mat,1,799,10,719.1,719.1,434.16,284.94,UPI,Yes,3
ORD-0518,2023-08-03,Pune,Female,60,Groceries,Cooking Oil,3,189,5,179.55,538.65,95.51,252.12,Credit Card,No,2
ORD-0519,2023-10-08,Delhi,Male,52,Electronics,Smartphone,1,18999,20,15199.2,15199.2,10676.02,4523.18,UPI,No,3
ORD-0520,2023-05-25,Pune,Female,21,Groceries,Atta (10kg),2,399,5,379.05,758.1,185.24,387.62,Debit Card,Yes,1
ORD-0521,2023-04-19,Bangalore,Female,57,Home & Kitchen,Pressure Cooker,1,1899,0,1899.0,1899.0,1016.52,882.48,UPI,No,2
ORD-0522,2024-06-30,Ahmedabad,Male,47,Electronics,Smartwatch,1,8999,20,7199.2,7199.2,4286.76,2912.44,UPI,No,4
ORD-0523,2024-04-26,Kolkata,Male,62,Clothing,Jeans,3,1299,5,1234.05,3702.15,821.71,1237.02,UPI,No,3
ORD-0524,2024-04-09,Pune,Female,47,Home & Kitchen,Pressure Cooker,1,1899,0,1899.0,1899.0,1035.08,863.92,Debit Card,No,3
ORD-0525,2023-05-11,Delhi,Female,53,Sports & Fitness,Yoga Mat,1,799,15,679.15,679.15,490.19,188.96,Credit Card,No,5
ORD-0526,2024-04-17,Chennai,Male,48,Home & Kitchen,Water Bottle,1,399,15,339.15,339.15,198.59,140.56,Cash,Yes,2
ORD-0527,2024-03-17,Chennai,Male,60,Home & Kitchen,Water Bottle,1,399,10,359.1,359.1,223.0,136.1,Credit Card,No,5
ORD-0528,2024-05-13,Delhi,Female,29,Electronics,Tablet,1,24999,20,19999.2,19999.2,13564.0,6435.2,UPI,No,1
ORD-0529,2023-04-22,Mumbai,Male,31,Sports & Fitness,Protein Powder,1,1999,10,1799.1,1799.1,1097.17,701.93,Debit Card,No,1
ORD-0530,2023-05-31,Ahmedabad,Male,31,Clothing,Jacket,3,2499,20,1999.2,5997.6,1319.46,2039.22,UPI,No,3
ORD-0531,2024-03-21,Kolkata,Male,36,Groceries,Rice (5kg),1,349,20,279.2,279.2,199.73,79.47,Credit Card,No,5
ORD-0532,2023-02-24,Hyderabad,Male,33,Electronics,Tablet,1,24999,10,22499.1,22499.1,11798.02,10701.08,Cash,No,4
ORD-0533,2023-11-22,Chennai,Male,48,Home & Kitchen,Curtains,1,1499,15,1274.15,1274.15,805.02,469.13,Debit Card,No,4
ORD-0534,2024-01-04,Bangalore,Male,18,Home & Kitchen,Mixer Grinder,1,3499,10,3149.1,3149.1,2272.57,876.53,Credit Card,No,2
ORD-0535,2024-05-13,Kolkata,Female,62,Home & Kitchen,Mixer Grinder,1,3499,0,3499.0,3499.0,1670.58,1828.42,EMI,No,5
ORD-0536,2023-07-04,Ahmedabad,Female,40,Home & Kitchen,Water Bottle,1,399,15,339.15,339.15,223.6,115.55,Debit Card,No,5
ORD-0537,2023-01-08,Hyderabad,Female,52,Sports & Fitness,Protein Powder,1,1999,25,1499.25,1499.25,994.2,505.05,EMI,No,1
ORD-0538,2024-05-09,Delhi,Male,64,Groceries,Rice (5kg),4,349,20,279.2,1116.8,224.18,220.08,EMI,No,3
ORD-0539,2024-04-21,Delhi,Male,48,Sports & Fitness,Yoga Mat,1,799,20,639.2,639.2,501.76,137.44,Credit Card,No,5
ORD-0540,2023-11-16,Mumbai,Female,47,Sports & Fitness,Yoga Mat,1,799,10,719.1,719.1,445.05,274.05,EMI,No,5
ORD-0541,2023-12-06,Mumbai,Female,64,Home & Kitchen,Bed Sheet Set,1,999,10,899.1,899.1,507.33,391.77,EMI,No,4
ORD-0542,2023-06-23,Mumbai,Female,49,Sports & Fitness,Yoga Mat,1,799,25,599.25,599.25,517.81,81.44,Credit Card,No,1
ORD-0543,2023-10-12,Hyderabad,Male,65,Groceries,Cooking Oil,3,189,20,151.2,453.6,95.45,167.25,Credit Card,No,5
ORD-0544,2023-06-04,Chennai,Female,29,Home & Kitchen,Bed Sheet Set,1,999,5,949.05,949.05,501.75,447.3,EMI,No,3
ORD-0545,2023-03-28,Kolkata,Female,33,Clothing,Shoes,4,1999,5,1899.05,7596.2,1200.5,2794.2,Cash,No,2
ORD-0546,2023-08-04,Delhi,Male,28,Sports & Fitness,Running Shoes,1,2999,0,2999.0,2999.0,1734.78,1264.22,Cash,No,3
ORD-0547,2024-05-02,Kolkata,Female,34,Sports & Fitness,Dumbbells,1,2199,15,1869.15,1869.15,1290.16,578.99,Debit Card,No,4
ORD-0548,2023-01-13,Mumbai,Male,52,Groceries,Tea Powder,3,299,15,254.15,762.45,192.06,186.27,UPI,No,4
ORD-0549,2023-10-07,Kolkata,Female,61,Groceries,Biscuits Pack,1,79,10,71.1,71.1,39.58,31.52,Debit Card,No,5
ORD-0550,2023-07-19,Bangalore,Female,53,Sports & Fitness,Running Shoes,1,2999,25,2249.25,2249.25,1763.58,485.67,Credit Card,No,1
ORD-0551,2023-01-13,Ahmedabad,Female,32,Home & Kitchen,Pressure Cooker,1,1899,20,1519.2,1519.2,894.01,625.19,UPI,No,1
ORD-0552,2023-01-25,Chennai,Male,63,Sports & Fitness,Yoga Mat,1,799,0,799.0,799.0,509.52,289.48,Credit Card,No,5
ORD-0553,2023-05-14,Bangalore,Female,36,Home & Kitchen,Water Bottle,1,399,5,379.05,379.05,251.05,128.0,Cash,No,1
ORD-0554,2024-04-09,Delhi,Female,21,Groceries,Tea Powder,3,299,25,224.25,672.75,149.94,222.93,Cash,No,1
ORD-0555,2023-09-22,Chennai,Female,29,Groceries,Cooking Oil,1,189,15,160.65,160.65,103.64,57.01,Cash,No,5
ORD-0556,2024-03-17,Hyderabad,Male,20,Clothing,Shoes,1,1999,25,1499.25,1499.25,1264.41,234.84,Credit Card,No,3
ORD-0557,2024-04-01,Mumbai,Male,60,Electronics,Smartwatch,1,8999,5,8549.05,8549.05,5224.58,3324.47,Cash,No,3
ORD-0558,2024-02-05,Ahmedabad,Female,45,Sports & Fitness,Yoga Mat,1,799,20,639.2,639.2,472.63,166.57,Cash,No,1
ORD-0559,2023-08-20,Ahmedabad,Male,54,Electronics,Smartwatch,1,8999,25,6749.25,6749.25,5521.74,1227.51,EMI,No,3
ORD-0560,2023-12-08,Pune,Male,47,Groceries,Tea Powder,1,299,0,299.0,299.0,156.4,142.6,UPI,No,2
ORD-0561,2023-02-10,Delhi,Female,49,Home & Kitchen,Mixer Grinder,1,3499,10,3149.1,3149.1,2061.53,1087.57,Credit Card,No,4
ORD-0562,2023-07-14,Chennai,Female,42,Clothing,T-Shirt,1,599,5,569.05,569.05,355.77,213.28,Credit Card,No,3
ORD-0563,2024-05-26,Mumbai,Female,64,Sports & Fitness,Protein Powder,1,1999,0,1999.0,1999.0,914.36,1084.64,Credit Card,No,2
ORD-0564,2024-06-19,Chennai,Male,20,Home & Kitchen,Water Bottle,1,399,5,379.05,379.05,238.69,140.36,Debit Card,No,1
ORD-0565,2024-04-27,Bangalore,Male,29,Sports & Fitness,Yoga Mat,1,799,5,759.05,759.05,471.62,287.43,Credit Card,No,1
ORD-0566,2024-04-12,Delhi,Male,49,Sports & Fitness,Dumbbells,1,2199,20,1759.2,1759.2,1017.68,741.52,EMI,No,2
ORD-0567,2023-03-06,Bangalore,Female,31,Clothing,Jacket,4,2499,10,2249.1,8996.4,1286.6,3850.0,Credit Card,No,3
ORD-0568,2023-03-06,Bangalore,Female,53,Electronics,Headphones,1,2999,5,2849.05,2849.05,1803.93,1045.12,Debit Card,No,5
ORD-0569,2023-02-11,Mumbai,Female,23,Clothing,T-Shirt,4,599,25,449.25,1797.0,362.71,346.16,Credit Card,Yes,1
ORD-0570,2023-10-18,Bangalore,Female,51,Home & Kitchen,Curtains,1,1499,25,1124.25,1124.25,712.59,411.66,Cash,No,2
ORD-0571,2023-02-08,Delhi,Female,40,Sports & Fitness,Dumbbells,1,2199,25,1649.25,1649.25,1209.4,439.85,Cash,Yes,2
ORD-0572,2023-07-16,Chennai,Female,58,Electronics,Tablet,1,24999,0,24999.0,24999.0,14344.03,10654.97,Debit Card,No,2
ORD-0573,2023-04-26,Mumbai,Male,59,Clothing,Jacket,2,2499,15,2124.15,4248.3,1204.4,1839.5,UPI,No,4
ORD-0574,2023-09-15,Mumbai,Male,28,Groceries,Atta (10kg),1,399,15,339.15,339.15,187.88,151.27,Credit Card,No,1
ORD-0575,2023-03-14,Pune,Male,25,Clothing,Jacket,3,2499,20,1999.2,5997.6,1334.0,1995.6,UPI,No,2
ORD-0576,2024-02-27,Ahmedabad,Male,45,Clothing,Jacket,1,2499,5,2374.05,2374.05,1359.95,1014.1,Debit Card,No,5
ORD-0577,2024-04-10,Chennai,Female,35,Clothing,Jacket,2,2499,10,2249.1,4498.2,1353.33,1791.54,Debit Card,No,1
ORD-0578,2023-03-03,Bangalore,Female,32,Groceries,Cooking Oil,4,189,0,189.0,756.0,102.38,346.48,UPI,No,5
ORD-0579,2023-06-24,Ahmedabad,Male,55,Sports & Fitness,Skipping Rope,1,299,5,284.05,284.05,139.72,144.33,Cash,No,3
ORD-0580,2023-01-15,Chennai,Male,54,Home & Kitchen,Mixer Grinder,1,3499,5,3324.05,3324.05,1803.59,1520.46,Credit Card,No,1
ORD-0581,2023-02-11,Kolkata,Female,62,Home & Kitchen,Water Bottle,1,399,0,399.0,399.0,213.52,185.48,Credit Card,No,2
ORD-0582,2023-03-27,Chennai,Male,40,Sports & Fitness,Yoga Mat,1,799,25,599.25,599.25,476.49,122.76,UPI,No,1
ORD-0583,2023-01-17,Mumbai,Female,47,Home & Kitchen,Bed Sheet Set,1,999,5,949.05,949.05,590.07,358.98,Debit Card,No,4
ORD-0584,2023-07-09,Delhi,Female,62,Groceries,Tea Powder,1,299,25,224.25,224.25,186.0,38.25,UPI,No,3
ORD-0585,2024-03-12,Delhi,Female,65,Groceries,Atta (10kg),2,399,20,319.2,638.4,242.41,153.58,Credit Card,No,3
ORD-0586,2023-02-22,Mumbai,Female,41,Electronics,Smartwatch,1,8999,10,8099.1,8099.1,4887.09,3212.01,Debit Card,No,1
ORD-0587,2023-07-29,Chennai,Male,38,Clothing,Dress,1,1599,5,1519.05,1519.05,927.11,591.94,UPI,No,5
ORD-0588,2024-03-09,Ahmedabad,Male,48,Groceries,Rice (5kg),3,349,0,349.0,1047.0,181.15,503.55,EMI,No,5
ORD-0589,2023-10-27,Delhi,Male,47,Home & Kitchen,Water Bottle,1,399,10,359.1,359.1,243.38,115.72,Credit Card,No,2
ORD-0590,2023-10-23,Bangalore,Female,27,Electronics,Smartphone,1,18999,5,18049.05,18049.05,9598.08,8450.97,Debit Card,No,1
ORD-0591,2023-10-28,Kolkata,Female,65,Home & Kitchen,Water Bottle,1,399,5,379.05,379.05,217.37,161.68,Credit Card,No,1
ORD-0592,2023-01-23,Pune,Female,49,Clothing,Shoes,3,1999,25,1499.25,4497.75,1064.14,1305.33,EMI,No,5
ORD-0593,2024-03-31,Hyderabad,Male,34,Home & Kitchen,Bed Sheet Set,1,999,20,799.2,799.2,475.91,323.29,Debit Card,No,3
ORD-0594,2023-02-18,Bangalore,Female,29,Clothing,Dress,4,1599,10,1439.1,5756.4,1025.35,1655.0,Debit Card,No,2
ORD-0595,2023-06-15,Ahmedabad,Female,41,Clothing,T-Shirt,3,599,0,599.0,1797.0,338.38,781.86,Debit Card,No,1
ORD-0596,2023-11-21,Bangalore,Female,25,Groceries,Cooking Oil,4,189,10,170.1,680.4,105.46,258.56,Credit Card,No,4
ORD-0597,2023-05-29,Pune,Female,48,Home & Kitchen,Bed Sheet Set,1,999,5,949.05,949.05,450.41,498.64,UPI,No,5
ORD-0598,2023-05-31,Ahmedabad,Male,26,Sports & Fitness,Protein Powder,1,1999,10,1799.1,1799.1,1175.07,624.03,EMI,No,1
ORD-0599,2024-02-16,Pune,Male,56,Sports & Fitness,Dumbbells,1,2199,15,1869.15,1869.15,1146.73,722.42,Debit Card,No,2
ORD-0600,2023-10-12,Delhi,Female,30,Clothing,T-Shirt,4,599,0,599.0,2396.0,350.66,993.36,Cash,No,5
ORD-0601,2024-06-07,Kolkata,Female,42,Electronics,Headphones,1,2999,15,2549.15,2549.15,1438.29,1110.86,UPI,Yes,3
ORD-0602,2023-12-26,Ahmedabad,Female,46,Groceries,Tea Powder,1,299,20,239.2,239.2,147.45,91.75,UPI,No,4
ORD-0603,2024-02-29,Hyderabad,Female,51,Clothing,Shoes,1,1999,20,1599.2,1599.2,956.98,642.22,UPI,Yes,5
ORD-0604,2024-01-20,Hyderabad,Female,29,Electronics,Smartphone,1,18999,15,16149.15,16149.15,10976.89,5172.26,EMI,No,5
ORD-0605,2023-05-21,Mumbai,Female,55,Clothing,Jeans,3,1299,15,1104.15,3312.45,728.44,1127.13,UPI,No,4
ORD-0606,2023-08-18,Ahmedabad,Male,59,Electronics,Smartphone,1,18999,5,18049.05,18049.05,9547.67,8501.38,UPI,No,4
ORD-0607,2023-09-08,Delhi,Female,55,Electronics,Smartphone,1,18999,10,17099.1,17099.1,10423.04,6676.06,Cash,No,3
ORD-0608,2024-05-02,Mumbai,Female,28,Electronics,Headphones,1,2999,20,2399.2,2399.2,1789.18,610.02,EMI,Yes,3
ORD-0609,2024-04-17,Kolkata,Female,21,Clothing,Dress,1,1599,5,1519.05,1519.05,806.75,712.3,UPI,No,1
ORD-0610,2024-06-10,Pune,Female,35,Clothing,Jeans,2,1299,0,1299.0,2598.0,725.81,1146.38,UPI,No,5
ORD-0611,2023-12-27,Ahmedabad,Female,39,Clothing,T-Shirt,3,599,5,569.05,1707.15,314.24,764.43,Debit Card,No,2
ORD-0612,2024-05-30,Delhi,Male,26,Clothing,Jeans,1,1299,20,1039.2,1039.2,692.98,346.22,Credit Card,No,3
ORD-0613,2024-01-07,Hyderabad,Male,65,Clothing,Jacket,3,2499,20,1999.2,5997.6,1210.62,2365.74,Credit Card,No,2
ORD-0614,2023-08-21,Kolkata,Male,22,Groceries,Cooking Oil,2,189,5,179.55,359.1,122.14,114.82,Credit Card,No,4
ORD-0615,2023-02-13,Hyderabad,Male,22,Clothing,T-Shirt,1,599,0,599.0,599.0,325.75,273.25,UPI,No,1
ORD-0616,2023-05-07,Bangalore,Female,19,Sports & Fitness,Dumbbells,1,2199,20,1759.2,1759.2,1385.89,373.31,Credit Card,No,3
ORD-0617,2023-12-23,Delhi,Male,55,Groceries,Cooking Oil,2,189,20,151.2,302.4,104.14,94.12,Credit Card,No,2
ORD-0618,2023-10-16,Ahmedabad,Female,62,Clothing,Shoes,1,1999,0,1999.0,1999.0,1269.06,729.94,EMI,No,1
ORD-0619,2023-07-05,Kolkata,Male,38,Groceries,Tea Powder,2,299,15,254.15,508.3,165.3,177.7,Credit Card,No,5
ORD-0620,2023-05-20,Mumbai,Male,38,Home & Kitchen,Bed Sheet Set,1,999,25,749.25,749.25,507.15,242.1,Cash,No,3
ORD-0621,2024-04-12,Ahmedabad,Male,53,Sports & Fitness,Running Shoes,1,2999,25,2249.25,2249.25,1935.06,314.19,Cash,No,4
ORD-0622,2023-07-13,Mumbai,Female,61,Electronics,Smartwatch,1,8999,25,6749.25,6749.25,4710.87,2038.38,Credit Card,No,5
ORD-0623,2023-03-29,Delhi,Male,22,Electronics,Laptop,1,54999,15,46749.15,46749.15,29156.34,17592.81,UPI,No,3
ORD-0624,2023-07-25,Kolkata,Female,35,Sports & Fitness,Protein Powder,1,1999,0,1999.0,1999.0,992.65,1006.35,EMI,No,4
ORD-0625,2023-12-31,Hyderabad,Male,47,Home & Kitchen,Water Bottle,1,399,15,339.15,339.15,258.35,80.8,Credit Card,No,4
ORD-0626,2024-05-24,Delhi,Female,61,Clothing,Jeans,1,1299,0,1299.0,1299.0,776.23,522.77,Credit Card,No,4
ORD-0627,2023-12-01,Ahmedabad,Female,30,Clothing,Dress,1,1599,20,1279.2,1279.2,962.65,316.55,UPI,No,4
ORD-0628,2024-05-31,Mumbai,Female,25,Groceries,Atta (10kg),1,399,10,359.1,359.1,255.57,103.53,Cash,No,4
ORD-0629,2024-03-29,Hyderabad,Male,49,Home & Kitchen,Pressure Cooker,1,1899,0,1899.0,1899.0,921.72,977.28,Cash,No,4
ORD-0630,2024-05-14,Ahmedabad,Female,53,Electronics,Tablet,1,24999,25,18749.25,18749.25,13702.22,5047.03,Debit Card,No,4
ORD-0631,2023-09-27,Pune,Female,38,Home & Kitchen,Water Bottle,1,399,15,339.15,339.15,228.78,110.37,Credit Card,Yes,1
ORD-0632,2023-05-12,Pune,Female,24,Groceries,Biscuits Pack,1,79,25,59.25,59.25,47.64,11.61,Cash,No,3
ORD-0633,2024-02-26,Hyderabad,Male,62,Groceries,Rice (5kg),2,349,25,261.75,523.5,174.33,174.84,Credit Card,No,1
ORD-0634,2023-12-12,Kolkata,Female,35,Clothing,T-Shirt,3,599,20,479.2,1437.6,274.03,615.51,Credit Card,No,5
ORD-0635,2023-01-23,Delhi,Female,24,Groceries,Tea Powder,4,299,20,239.2,956.8,153.83,341.48,Debit Card,No,5
ORD-0636,2023-12-14,Chennai,Female,58,Clothing,Shoes,3,1999,10,1799.1,5397.3,1287.13,1535.91,Credit Card,No,5
ORD-0637,2023-08-08,Kolkata,Male,57,Groceries,Biscuits Pack,3,79,0,79.0,237.0,51.29,83.13,Credit Card,No,5
ORD-0638,2023-04-08,Ahmedabad,Female,31,Sports & Fitness,Running Shoes,1,2999,10,2699.1,2699.1,1389.9,1309.2,UPI,No,3
ORD-0639,2024-05-31,Kolkata,Female,57,Groceries,Tea Powder,3,299,25,224.25,672.75,146.51,233.22,EMI,No,5
ORD-0640,2023-07-04,Chennai,Female,35,Electronics,Tablet,1,24999,5,23749.05,23749.05,14133.65,9615.4,EMI,No,4
ORD-0641,2023-03-03,Chennai,Male,65,Sports & Fitness,Dumbbells,1,2199,10,1979.1,1979.1,1192.95,786.15,UPI,No,4
ORD-0642,2023-11-23,Hyderabad,Male,34,Electronics,Laptop,1,54999,15,46749.15,46749.15,27685.78,19063.37,EMI,No,2
ORD-0643,2023-04-27,Hyderabad,Female,49,Clothing,Jeans,2,1299,0,1299.0,2598.0,791.62,1014.76,EMI,No,4
ORD-0644,2023-02-07,Hyderabad,Male,59,Clothing,Jeans,2,1299,10,1169.1,2338.2,592.12,1153.96,Credit Card,No,4
ORD-0645,2023-01-21,Delhi,Female,41,Electronics,Smartphone,1,18999,10,17099.1,17099.1,10835.51,6263.59,Credit Card,No,2
ORD-0646,2023-08-30,Delhi,Female,49,Electronics,Tablet,1,24999,25,18749.25,18749.25,13750.69,4998.56,Credit Card,No,1
ORD-0647,2023-11-17,Chennai,Female,31,Groceries,Atta (10kg),4,399,25,299.25,1197.0,243.86,221.56,Debit Card,No,2
ORD-0648,2023-10-09,Mumbai,Female,52,Home & Kitchen,Curtains,1,1499,10,1349.1,1349.1,933.25,415.85,UPI,No,1
ORD-0649,2023-11-21,Hyderabad,Male,41,Sports & Fitness,Protein Powder,1,1999,15,1699.15,1699.15,1172.51,526.64,Cash,No,3
ORD-0650,2023-01-22,Mumbai,Male,34,Sports & Fitness,Yoga Mat,1,799,25,599.25,599.25,465.37,133.88,EMI,No,3
ORD-0651,2023-05-05,Kolkata,Female,37,Sports & Fitness,Dumbbells,1,2199,15,1869.15,1869.15,1160.4,708.75,Credit Card,No,2
ORD-0652,2023-11-01,Kolkata,Male,35,Clothing,Jeans,3,1299,15,1104.15,3312.45,813.04,873.33,Credit Card,No,4
ORD-0653,2024-04-27,Delhi,Male,62,Home & Kitchen,Bed Sheet Set,1,999,25,749.25,749.25,533.94,215.31,UPI,No,3
ORD-0654,2024-03-06,Mumbai,Male,59,Sports & Fitness,Skipping Rope,1,299,25,224.25,224.25,154.09,70.16,Debit Card,No,2
ORD-0655,2023-01-04,Delhi,Male,28,Home & Kitchen,Mixer Grinder,1,3499,25,2624.25,2624.25,1788.37,835.88,Debit Card,No,2
ORD-0656,2024-02-25,Pune,Female,30,Groceries,Tea Powder,2,299,15,254.15,508.3,150.14,208.02,Credit Card,No,2
ORD-0657,2024-02-07,Mumbai,Male,23,Home & Kitchen,Water Bottle,1,399,5,379.05,379.05,181.2,197.85,Cash,No,2
ORD-0658,2023-02-20,Bangalore,Male,41,Home & Kitchen,Water Bottle,1,399,15,339.15,339.15,227.46,111.69,Debit Card,No,1
ORD-0659,2023-01-15,Ahmedabad,Male,32,Sports & Fitness,Protein Powder,1,1999,15,1699.15,1699.15,1230.29,468.86,Debit Card,No,3
ORD-0660,2023-10-22,Chennai,Male,36,Home & Kitchen,Curtains,1,1499,5,1424.05,1424.05,803.86,620.19,Debit Card,No,4
ORD-0661,2023-05-30,Ahmedabad,Male,41,Electronics,Headphones,1,2999,10,2699.1,2699.1,1490.79,1208.31,EMI,No,4
ORD-0662,2023-03-29,Kolkata,Male,63,Electronics,Smartwatch,1,8999,5,8549.05,8549.05,5617.97,2931.08,Cash,No,5
ORD-0663,2023-09-20,Pune,Male,48,Electronics,Smartphone,1,18999,20,15199.2,15199.2,8772.8,6426.4,UPI,No,5
ORD-0664,2023-02-16,Hyderabad,Female,60,Electronics,Headphones,1,2999,20,2399.2,2399.2,1721.22,677.98,UPI,No,5
ORD-0665,2023-02-12,Ahmedabad,Female,47,Sports & Fitness,Dumbbells,1,2199,10,1979.1,1979.1,1064.26,914.84,Debit Card,No,5
ORD-0666,2024-03-19,Bangalore,Female,35,Clothing,Dress,3,1599,0,1599.0,4797.0,733.67,2595.99,UPI,No,3
ORD-0667,2023-09-27,Bangalore,Female,65,Sports & Fitness,Running Shoes,1,2999,20,2399.2,2399.2,1537.29,861.91,Cash,No,2
ORD-0668,2024-03-26,Bangalore,Male,48,Electronics,Laptop,1,54999,5,52249.05,52249.05,25349.78,26899.27,UPI,No,4
ORD-0669,2024-03-22,Ahmedabad,Female,49,Electronics,Smartwatch,1,8999,0,8999.0,8999.0,4844.2,4154.8,Credit Card,No,2
ORD-0670,2023-05-07,Bangalore,Female,54,Groceries,Rice (5kg),3,349,5,331.55,994.65,169.66,485.67,EMI,No,1
ORD-0671,2024-06-22,Chennai,Female,61,Sports & Fitness,Dumbbells,1,2199,15,1869.15,1869.15,1394.35,474.8,Credit Card,No,1
ORD-0672,2023-10-19,Delhi,Female,27,Electronics,Smartwatch,1,8999,10,8099.1,8099.1,5112.04,2987.06,Credit Card,No,4
ORD-0673,2024-04-09,Mumbai,Female,38,Groceries,Atta (10kg),1,399,25,299.25,299.25,205.84,93.41,EMI,No,1
ORD-0674,2023-10-17,Kolkata,Male,43,Groceries,Rice (5kg),1,349,25,261.75,261.75,195.24,66.51,UPI,No,4
ORD-0675,2023-04-02,Kolkata,Female,59,Electronics,Laptop,1,54999,5,52249.05,52249.05,29023.0,23226.05,Debit Card,No,4
ORD-0676,2024-03-18,Pune,Male,49,Groceries,Atta (10kg),3,399,5,379.05,1137.15,232.66,439.17,Cash,No,4
ORD-0677,2023-10-02,Kolkata,Female,57,Sports & Fitness,Skipping Rope,1,299,15,254.15,254.15,139.95,114.2,Debit Card,No,4
ORD-0678,2023-04-06,Chennai,Male,49,Electronics,Tablet,1,24999,10,22499.1,22499.1,16115.71,6383.39,EMI,No,5
ORD-0679,2023-03-27,Ahmedabad,Female,27,Groceries,Tea Powder,1,299,15,254.15,254.15,188.8,65.35,Debit Card,No,3
ORD-0680,2023-09-12,Delhi,Male,50,Sports & Fitness,Protein Powder,1,1999,10,1799.1,1799.1,1126.85,672.25,Credit Card,No,4
ORD-0681,2023-04-07,Delhi,Male,25,Home & Kitchen,Water Bottle,1,399,10,359.1,359.1,207.92,151.18,Cash,No,2
ORD-0682,2024-02-07,Hyderabad,Female,55,Electronics,Smartphone,1,18999,15,16149.15,16149.15,11881.04,4268.11,Cash,No,4
ORD-0683,2023-09-29,Hyderabad,Male,45,Groceries,Cooking Oil,2,189,5,179.55,359.1,88.01,183.08,EMI,Yes,4
ORD-0684,2023-04-30,Kolkata,Female,37,Electronics,Laptop,1,54999,25,41249.25,41249.25,29997.77,11251.48,EMI,No,5
ORD-0685,2024-01-05,Mumbai,Male,25,Home & Kitchen,Bed Sheet Set,1,999,0,999.0,999.0,474.54,524.46,Credit Card,No,2
ORD-0686,2023-01-28,Kolkata,Male,23,Clothing,Jacket,2,2499,25,1874.25,3748.5,1449.29,849.92,UPI,No,2
ORD-0687,2024-04-30,Bangalore,Female,49,Home & Kitchen,Pressure Cooker,1,1899,0,1899.0,1899.0,917.64,981.36,Cash,Yes,4
ORD-0688,2023-09-06,Mumbai,Male,58,Clothing,Dress,4,1599,20,1279.2,5116.8,735.83,2173.48,Cash,No,4
ORD-0689,2023-10-25,Ahmedabad,Male,63,Electronics,Smartwatch,1,8999,15,7649.15,7649.15,4924.43,2724.72,Credit Card,No,4
ORD-0690,2023-11-20,Kolkata,Female,25,Sports & Fitness,Yoga Mat,1,799,10,719.1,719.1,502.23,216.87,Cash,No,3
ORD-0691,2024-04-04,Chennai,Female,40,Home & Kitchen,Pressure Cooker,1,1899,5,1804.05,1804.05,963.94,840.11,Cash,No,2
ORD-0692,2023-12-14,Kolkata,Female,61,Sports & Fitness,Protein Powder,1,1999,5,1899.05,1899.05,1252.64,646.41,UPI,No,2
ORD-0693,2023-08-01,Chennai,Male,56,Groceries,Rice (5kg),4,349,25,261.75,1047.0,166.06,382.76,Cash,No,4
ORD-0694,2024-05-20,Pune,Female,40,Groceries,Cooking Oil,1,189,5,179.55,179.55,122.82,56.73,Debit Card,No,5
ORD-0695,2023-02-02,Chennai,Male,53,Electronics,Headphones,1,2999,15,2549.15,2549.15,1417.91,1131.24,Debit Card,No,3
ORD-0696,2023-12-30,Delhi,Male,46,Electronics,Tablet,1,24999,10,22499.1,22499.1,15730.96,6768.14,Cash,No,1
ORD-0697,2023-04-19,Mumbai,Male,28,Sports & Fitness,Skipping Rope,1,299,0,299.0,299.0,183.8,115.2,Credit Card,No,3
ORD-0698,2023-06-10,Delhi,Male,59,Groceries,Tea Powder,4,299,20,239.2,956.8,178.36,243.36,UPI,No,2
ORD-0699,2023-05-06,Ahmedabad,Female,36,Clothing,Jacket,1,2499,15,2124.15,2124.15,1247.16,876.99,EMI,No,3
ORD-0700,2024-01-17,Bangalore,Female,32,Home & Kitchen,Bed Sheet Set,1,999,25,749.25,749.25,582.42,166.83,Debit Card,No,4
ORD-0701,2024-02-24,Mumbai,Female,27,Home & Kitchen,Water Bottle,1,399,25,299.25,299.25,208.42,90.83,Credit Card,No,5
ORD-0702,2023-03-13,Bangalore,Female,21,Electronics,Headphones,1,2999,10,2699.1,2699.1,1590.46,1108.64,Cash,No,2
ORD-0703,2023-03-01,Hyderabad,Female,40,Sports & Fitness,Running Shoes,1,2999,15,2549.15,2549.15,1590.67,958.48,Credit Card,No,5
ORD-0704,2023-05-31,Ahmedabad,Female,59,Home & Kitchen,Curtains,1,1499,25,1124.25,1124.25,736.05,388.2,Cash,No,3
ORD-0705,2023-03-28,Bangalore,Female,31,Electronics,Tablet,1,24999,10,22499.1,22499.1,13199.44,9299.66,Credit Card,No,3
ORD-0706,2024-06-17,Hyderabad,Male,37,Groceries,Cooking Oil,1,189,0,189.0,189.0,118.7,70.3,Cash,No,1
ORD-0707,2023-03-03,Delhi,Female,37,Groceries,Biscuits Pack,3,79,25,59.25,177.75,37.51,65.22,EMI,No,4
ORD-0708,2023-12-14,Hyderabad,Male,63,Clothing,Shoes,2,1999,20,1599.2,3198.4,1039.61,1119.18,Cash,No,2
ORD-0709,2023-04-18,Pune,Female,24,Groceries,Atta (10kg),2,399,20,319.2,638.4,245.21,147.98,Debit Card,No,4
ORD-0710,2023-03-25,Ahmedabad,Male,46,Electronics,Smartphone,1,18999,15,16149.15,16149.15,11925.71,4223.44,Credit Card,No,5
ORD-0711,2024-02-17,Hyderabad,Female,58,Sports & Fitness,Skipping Rope,1,299,20,239.2,239.2,181.12,58.08,Cash,No,4
ORD-0712,2024-03-02,Ahmedabad,Male,63,Clothing,Jeans,2,1299,20,1039.2,2078.4,710.49,657.42,EMI,No,1
ORD-0713,2023-08-06,Pune,Male,56,Home & Kitchen,Curtains,1,1499,0,1499.0,1499.0,898.35,600.65,Cash,No,3
ORD-0714,2023-10-24,Hyderabad,Female,37,Electronics,Tablet,1,24999,5,23749.05,23749.05,11838.24,11910.81,UPI,No,2
ORD-0715,2023-05-26,Hyderabad,Female,31,Sports & Fitness,Protein Powder,1,1999,0,1999.0,1999.0,1274.09,724.91,Debit Card,No,4
ORD-0716,2023-01-03,Mumbai,Female,48,Electronics,Tablet,1,24999,10,22499.1,22499.1,11587.36,10911.74,EMI,No,4
ORD-0717,2023-12-12,Bangalore,Male,50,Home & Kitchen,Curtains,1,1499,25,1124.25,1124.25,924.49,199.76,Cash,No,4
ORD-0718,2023-06-02,Kolkata,Female,52,Groceries,Rice (5kg),4,349,20,279.2,1116.8,184.08,380.48,Credit Card,No,4
ORD-0719,2023-10-12,Hyderabad,Male,59,Electronics,Laptop,1,54999,25,41249.25,41249.25,25022.39,16226.86,EMI,No,5
ORD-0720,2023-02-24,Mumbai,Male,60,Sports & Fitness,Skipping Rope,1,299,5,284.05,284.05,179.43,104.62,EMI,No,1
ORD-0721,2023-10-09,Pune,Female,55,Clothing,Jeans,4,1299,25,974.25,3897.0,606.54,1470.84,Credit Card,No,1
ORD-0722,2023-12-15,Pune,Female,34,Home & Kitchen,Mixer Grinder,1,3499,15,2974.15,2974.15,1591.39,1382.76,Credit Card,No,1
ORD-0723,2023-06-22,Bangalore,Female,44,Groceries,Cooking Oil,3,189,5,179.55,538.65,114.09,196.38,Debit Card,Yes,3
ORD-0724,2023-07-05,Pune,Male,44,Electronics,Smartphone,1,18999,10,17099.1,17099.1,10031.24,7067.86,UPI,No,1
ORD-0725,2023-02-23,Kolkata,Male,35,Clothing,Jeans,2,1299,20,1039.2,2078.4,712.63,653.14,Credit Card,No,5
ORD-0726,2024-02-21,Chennai,Male,35,Electronics,Smartwatch,1,8999,0,8999.0,8999.0,4782.96,4216.04,EMI,No,1
ORD-0727,2023-09-10,Ahmedabad,Male,58,Sports & Fitness,Dumbbells,1,2199,10,1979.1,1979.1,1239.46,739.64,EMI,No,2
ORD-0728,2024-01-18,Kolkata,Female,20,Sports & Fitness,Dumbbells,1,2199,5,2089.05,2089.05,1225.96,863.09,Credit Card,No,5
ORD-0729,2023-10-24,Hyderabad,Female,40,Clothing,T-Shirt,4,599,0,599.0,2396.0,302.29,1186.84,Debit Card,No,5
ORD-0730,2023-10-16,Delhi,Female,23,Electronics,Laptop,1,54999,25,41249.25,41249.25,30624.43,10624.82,Cash,No,2
ORD-0731,2023-10-14,Pune,Female,58,Home & Kitchen,Mixer Grinder,1,3499,20,2799.2,2799.2,1927.82,871.38,UPI,No,4
ORD-0732,2023-10-07,Pune,Male,62,Clothing,Dress,2,1599,10,1439.1,2878.2,866.59,1145.02,Debit Card,No,1
ORD-0733,2024-05-02,Ahmedabad,Female,52,Electronics,Smartphone,1,18999,25,14249.25,14249.25,9208.95,5040.3,Credit Card,No,1
ORD-0734,2023-02-01,Kolkata,Female,42,Home & Kitchen,Pressure Cooker,1,1899,10,1709.1,1709.1,1223.73,485.37,Debit Card,No,1
ORD-0735,2023-05-08,Chennai,Male,35,Home & Kitchen,Bed Sheet Set,1,999,5,949.05,949.05,538.38,410.67,UPI,No,5
ORD-0736,2023-11-07,Ahmedabad,Male,18,Clothing,Jeans,3,1299,15,1104.15,3312.45,594.11,1530.12,Debit Card,No,4
ORD-0737,2023-04-24,Chennai,Male,22,Groceries,Atta (10kg),4,399,20,319.2,1276.8,193.15,504.2,EMI,No,1
ORD-0738,2023-05-11,Mumbai,Female,61,Groceries,Atta (10kg),3,399,5,379.05,1137.15,194.86,552.57,EMI,No,1
ORD-0739,2024-03-13,Kolkata,Female,25,Electronics,Headphones,1,2999,15,2549.15,2549.15,1855.99,693.16,EMI,No,3
ORD-0740,2024-06-13,Kolkata,Female,38,Electronics,Laptop,1,54999,0,54999.0,54999.0,27806.76,27192.24,Credit Card,No,3
ORD-0741,2023-03-25,Kolkata,Male,33,Sports & Fitness,Yoga Mat,1,799,25,599.25,599.25,395.61,203.64,Debit Card,No,3
ORD-0742,2023-03-06,Mumbai,Female,34,Electronics,Smartphone,1,18999,15,16149.15,16149.15,10190.87,5958.28,Debit Card,No,2
ORD-0743,2023-12-15,Delhi,Female,24,Electronics,Headphones,1,2999,20,2399.2,2399.2,1825.86,573.34,Cash,No,1
ORD-0744,2023-03-04,Delhi,Male,21,Electronics,Smartwatch,1,8999,10,8099.1,8099.1,5651.52,2447.58,Cash,Yes,5
ORD-0745,2024-03-18,Mumbai,Female,42,Electronics,Smartphone,1,18999,25,14249.25,14249.25,8761.54,5487.71,Cash,No,4
ORD-0746,2023-08-27,Ahmedabad,Female,57,Sports & Fitness,Skipping Rope,1,299,0,299.0,299.0,161.66,137.34,EMI,No,1
ORD-0747,2024-04-09,Delhi,Male,56,Sports & Fitness,Running Shoes,1,2999,20,2399.2,2399.2,1465.0,934.2,Credit Card,No,2
ORD-0748,2023-05-10,Ahmedabad,Male,33,Sports & Fitness,Running Shoes,1,2999,10,2699.1,2699.1,1602.07,1097.03,Debit Card,No,1
ORD-0749,2023-05-11,Bangalore,Male,48,Groceries,Atta (10kg),3,399,15,339.15,1017.45,204.38,404.31,UPI,No,3
ORD-0750,2024-01-13,Bangalore,Male,33,Electronics,Tablet,1,24999,20,19999.2,19999.2,14537.8,5461.4,EMI,No,5
ORD-0751,2023-02-25,Chennai,Male,39,Home & Kitchen,Bed Sheet Set,1,999,5,949.05,949.05,644.66,304.39,Debit Card,No,4
ORD-0752,2023-12-06,Kolkata,Female,28,Sports & Fitness,Skipping Rope,1,299,10,269.1,269.1,171.39,97.71,Credit Card,No,1
ORD-0753,2024-05-22,Ahmedabad,Male,33,Clothing,T-Shirt,2,599,25,449.25,898.5,352.6,193.3,Cash,No,3
ORD-0754,2024-01-20,Delhi,Female,19,Clothing,Jacket,1,2499,5,2374.05,2374.05,1305.89,1068.16,EMI,No,3
ORD-0755,2024-03-26,Chennai,Male,36,Clothing,Shoes,1,1999,10,1799.1,1799.1,1289.48,509.62,Debit Card,No,3
ORD-0756,2023-06-28,Bangalore,Female,24,Groceries,Atta (10kg),2,399,5,379.05,758.1,195.19,367.72,Credit Card,No,2
ORD-0757,2024-01-24,Chennai,Female,41,Electronics,Headphones,1,2999,5,2849.05,2849.05,1532.53,1316.52,Debit Card,No,5
ORD-0758,2024-03-20,Bangalore,Male,30,Electronics,Smartphone,1,18999,5,18049.05,18049.05,11903.72,6145.33,EMI,No,3
ORD-0759,2023-11-22,Mumbai,Male,52,Sports & Fitness,Protein Powder,1,1999,25,1499.25,1499.25,997.32,501.93,UPI,No,3
ORD-0760,2023-09-11,Ahmedabad,Male,64,Electronics,Headphones,1,2999,5,2849.05,2849.05,1860.28,988.77,Credit Card,No,5
ORD-0761,2023-03-08,Ahmedabad,Male,38,Clothing,Shoes,3,1999,15,1699.15,5097.45,1098.89,1800.78,UPI,No,4
ORD-0762,2024-05-21,Mumbai,Male,32,Home & Kitchen,Bed Sheet Set,1,999,20,799.2,799.2,529.66,269.54,Debit Card,No,2
ORD-0763,2024-02-10,Pune,Female,53,Clothing,Dress,4,1599,15,1359.15,5436.6,902.27,1827.52,Credit Card,No,1
ORD-0764,2023-10-30,Mumbai,Female,50,Home & Kitchen,Water Bottle,1,399,10,359.1,359.1,197.92,161.18,EMI,No,4
ORD-0765,2024-04-23,Pune,Female,42,Home & Kitchen,Curtains,1,1499,10,1349.1,1349.1,915.74,433.36,Credit Card,No,2
ORD-0766,2023-09-29,Delhi,Female,32,Electronics,Headphones,1,2999,0,2999.0,2999.0,1526.2,1472.8,Credit Card,No,3
ORD-0767,2023-02-09,Pune,Female,37,Sports & Fitness,Dumbbells,1,2199,10,1979.1,1979.1,1076.04,903.06,UPI,No,5
ORD-0768,2023-05-22,Hyderabad,Female,43,Sports & Fitness,Running Shoes,1,2999,0,2999.0,2999.0,1811.44,1187.56,Cash,No,1
ORD-0769,2024-04-28,Chennai,Female,32,Sports & Fitness,Dumbbells,1,2199,15,1869.15,1869.15,1089.64,779.51,EMI,No,5
ORD-0770,2024-04-24,Chennai,Female,62,Home & Kitchen,Bed Sheet Set,1,999,0,999.0,999.0,512.1,486.9,Cash,No,4
ORD-0771,2023-01-31,Mumbai,Female,60,Groceries,Cooking Oil,2,189,20,151.2,302.4,96.6,109.2,UPI,No,4
ORD-0772,2024-03-11,Mumbai,Male,26,Home & Kitchen,Water Bottle,1,399,10,359.1,359.1,205.57,153.53,Debit Card,No,3
ORD-0773,2024-02-05,Kolkata,Male,48,Home & Kitchen,Mixer Grinder,1,3499,15,2974.15,2974.15,1619.13,1355.02,Credit Card,No,4
ORD-0774,2023-11-08,Bangalore,Male,62,Electronics,Laptop,1,54999,0,54999.0,54999.0,32173.16,22825.84,EMI,No,2
ORD-0775,2023-07-23,Hyderabad,Male,47,Electronics,Smartwatch,1,8999,10,8099.1,8099.1,4420.11,3678.99,Credit Card,No,1
ORD-0776,2023-06-25,Bangalore,Female,48,Groceries,Tea Powder,2,299,15,254.15,508.3,193.73,120.84,Credit Card,No,2
ORD-0777,2023-05-14,Hyderabad,Male,50,Clothing,Dress,4,1599,15,1359.15,5436.6,770.33,2355.28,Cash,No,1
ORD-0778,2023-05-27,Chennai,Female,54,Home & Kitchen,Pressure Cooker,1,1899,15,1614.15,1614.15,1084.27,529.88,Cash,No,5
ORD-0779,2023-02-10,Ahmedabad,Female,62,Electronics,Headphones,1,2999,25,2249.25,2249.25,1877.97,371.28,UPI,No,2
ORD-0780,2024-03-01,Bangalore,Male,43,Clothing,Jeans,4,1299,20,1039.2,4156.8,703.49,1342.84,Credit Card,No,2
ORD-0781,2023-10-08,Chennai,Female,44,Sports & Fitness,Running Shoes,1,2999,25,2249.25,2249.25,1899.14,350.11,EMI,No,3
ORD-0782,2023-03-20,Bangalore,Female,31,Electronics,Tablet,1,24999,10,22499.1,22499.1,13299.95,9199.15,EMI,Yes,1
ORD-0783,2023-03-16,Chennai,Female,20,Home & Kitchen,Curtains,1,1499,10,1349.1,1349.1,898.19,450.91,Credit Card,No,2
ORD-0784,2023-12-01,Chennai,Female,26,Home & Kitchen,Curtains,1,1499,15,1274.15,1274.15,695.01,579.14,Cash,No,2
ORD-0785,2023-06-24,Delhi,Female,28,Electronics,Tablet,1,24999,0,24999.0,24999.0,12135.7,12863.3,Credit Card,No,1
ORD-0786,2023-10-07,Mumbai,Male,46,Clothing,Jacket,2,2499,10,2249.1,4498.2,1232.84,2032.52,Credit Card,No,5
ORD-0787,2023-04-16,Mumbai,Male,42,Home & Kitchen,Bed Sheet Set,1,999,15,849.15,849.15,460.02,389.13,Debit Card,No,3
ORD-0788,2023-09-02,Mumbai,Female,30,Clothing,T-Shirt,4,599,0,599.0,2396.0,272.9,1304.4,Credit Card,No,1
ORD-0789,2023-06-21,Pune,Male,57,Clothing,T-Shirt,1,599,15,509.15,509.15,367.26,141.89,Debit Card,No,4
ORD-0790,2024-03-14,Pune,Male,18,Electronics,Laptop,1,54999,5,52249.05,52249.05,25914.27,26334.78,Cash,No,1
ORD-0791,2024-02-03,Hyderabad,Female,20,Clothing,Jacket,1,2499,5,2374.05,2374.05,1453.4,920.65,Credit Card,No,4
ORD-0792,2023-11-05,Bangalore,Female,24,Sports & Fitness,Protein Powder,1,1999,0,1999.0,1999.0,1184.42,814.58,EMI,No,4
ORD-0793,2023-05-17,Ahmedabad,Male,39,Groceries,Cooking Oil,3,189,25,141.75,425.25,122.02,59.19,Credit Card,No,5
ORD-0794,2024-04-04,Mumbai,Male,19,Home & Kitchen,Water Bottle,1,399,25,299.25,299.25,238.75,60.5,EMI,No,1
ORD-0795,2023-11-13,Pune,Female,36,Clothing,Jacket,1,2499,5,2374.05,2374.05,1154.5,1219.55,Debit Card,No,2
ORD-0796,2023-02-08,Pune,Male,51,Clothing,Shoes,3,1999,15,1699.15,5097.45,953.23,2237.76,Cash,No,3
ORD-0797,2023-01-25,Mumbai,Male,61,Clothing,Dress,2,1599,10,1439.1,2878.2,785.37,1307.46,Debit Card,No,4
ORD-0798,2024-06-17,Ahmedabad,Male,30,Groceries,Cooking Oil,1,189,15,160.65,160.65,87.49,73.16,Credit Card,No,2
ORD-0799,2023-07-29,Delhi,Female,64,Clothing,T-Shirt,2,599,5,569.05,1138.1,297.86,542.38,Cash,No,2
ORD-0800,2023-09-08,Hyderabad,Female,58,Home & Kitchen,Mixer Grinder,1,3499,20,2799.2,2799.2,1748.78,1050.42,Debit Card,No,4
ORD-0801,2023-03-23,Kolkata,Female,27,Groceries,Tea Powder,2,299,15,254.15,508.3,162.7,182.9,Cash,Yes,4
ORD-0802,2024-03-13,Bangalore,Female,42,Electronics,Headphones,1,2999,20,2399.2,2399.2,1671.76,727.44,Cash,No,3
ORD-0803,2024-01-20,Bangalore,Female,30,Sports & Fitness,Skipping Rope,1,299,15,254.15,254.15,138.85,115.3,Debit Card,No,1
ORD-0804,2023-01-14,Kolkata,Female,65,Sports & Fitness,Running Shoes,1,2999,15,2549.15,2549.15,1592.2,956.95,UPI,No,3
ORD-0805,2023-03-14,Bangalore,Male,45,Home & Kitchen,Pressure Cooker,1,1899,0,1899.0,1899.0,1000.71,898.29,UPI,No,3
ORD-0806,2024-06-05,Kolkata,Female,65,Home & Kitchen,Bed Sheet Set,1,999,25,749.25,749.25,461.08,288.17,Debit Card,No,1
ORD-0807,2024-01-06,Bangalore,Female,33,Electronics,Laptop,1,54999,10,49499.1,49499.1,31409.22,18089.88,EMI,No,2
ORD-0808,2023-01-13,Kolkata,Female,63,Electronics,Smartphone,1,18999,25,14249.25,14249.25,11253.52,2995.73,EMI,No,1
ORD-0809,2024-06-14,Hyderabad,Female,55,Clothing,Jacket,4,2499,5,2374.05,9496.2,1250.94,4492.44,UPI,No,1
ORD-0810,2023-04-22,Chennai,Female,62,Sports & Fitness,Running Shoes,1,2999,5,2849.05,2849.05,1510.91,1338.14,UPI,Yes,2
ORD-0811,2024-05-18,Kolkata,Female,59,Electronics,Smartphone,1,18999,0,18999.0,18999.0,11489.62,7509.38,UPI,No,2
ORD-0812,2023-06-30,Bangalore,Male,46,Groceries,Cooking Oil,2,189,25,141.75,283.5,92.54,98.42,EMI,No,2
ORD-0813,2023-07-25,Kolkata,Female,58,Electronics,Laptop,1,54999,5,52249.05,52249.05,27602.37,24646.68,EMI,No,2
ORD-0814,2023-03-23,Pune,Male,55,Groceries,Rice (5kg),1,349,15,296.65,296.65,176.37,120.28,Debit Card,No,1
ORD-0815,2023-01-10,Mumbai,Male,31,Electronics,Headphones,1,2999,0,2999.0,2999.0,1748.61,1250.39,EMI,No,4
ORD-0816,2024-06-16,Pune,Female,61,Groceries,Tea Powder,3,299,15,254.15,762.45,170.69,250.38,UPI,No,2
ORD-0817,2024-01-05,Pune,Female,24,Home & Kitchen,Curtains,1,1499,20,1199.2,1199.2,691.71,507.49,Credit Card,No,4
ORD-0818,2023-05-23,Hyderabad,Male,41,Electronics,Tablet,1,24999,0,24999.0,24999.0,15594.4,9404.6,Cash,No,4
ORD-0819,2024-06-11,Pune,Male,58,Home & Kitchen,Mixer Grinder,1,3499,0,3499.0,3499.0,2264.68,1234.32,UPI,No,3
ORD-0820,2024-03-30,Delhi,Female,45,Clothing,Shoes,4,1999,15,1699.15,6796.6,1195.08,2016.28,Cash,No,1
ORD-0821,2024-01-30,Mumbai,Male,49,Groceries,Atta (10kg),2,399,5,379.05,758.1,248.96,260.18,Credit Card,No,5
ORD-0822,2024-04-23,Chennai,Male,31,Clothing,Jacket,4,2499,0,2499.0,9996.0,1455.74,4173.04,Debit Card,No,1
ORD-0823,2023-04-19,Pune,Female,35,Home & Kitchen,Pressure Cooker,1,1899,5,1804.05,1804.05,1207.39,596.66,Debit Card,No,4
ORD-0824,2023-05-07,Pune,Male,54,Clothing,Shoes,4,1999,25,1499.25,5997.0,935.71,2254.16,EMI,Yes,3
ORD-0825,2024-01-22,Chennai,Female,25,Home & Kitchen,Water Bottle,1,399,15,339.15,339.15,244.06,95.09,UPI,No,1
ORD-0826,2023-12-15,Pune,Male,38,Sports & Fitness,Dumbbells,1,2199,25,1649.25,1649.25,1403.84,245.41,Cash,No,1
ORD-0827,2023-11-15,Kolkata,Female,38,Electronics,Tablet,1,24999,20,19999.2,19999.2,12198.8,7800.4,UPI,No,2
ORD-0828,2024-06-16,Mumbai,Female,38,Sports & Fitness,Skipping Rope,1,299,5,284.05,284.05,140.92,143.13,Debit Card,No,3
ORD-0829,2023-08-13,Bangalore,Male,56,Home & Kitchen,Curtains,1,1499,5,1424.05,1424.05,854.87,569.18,UPI,No,1
ORD-0830,2023-10-08,Ahmedabad,Female,63,Sports & Fitness,Protein Powder,1,1999,25,1499.25,1499.25,1230.86,268.39,Cash,Yes,3
ORD-0831,2023-06-06,Bangalore,Female,64,Clothing,Jeans,1,1299,25,974.25,974.25,824.39,149.86,Cash,No,2
ORD-0832,2023-01-23,Ahmedabad,Female,43,Sports & Fitness,Protein Powder,1,1999,10,1799.1,1799.1,1068.44,730.66,Cash,No,3
ORD-0833,2023-10-17,Mumbai,Female,47,Clothing,Shoes,1,1999,15,1699.15,1699.15,951.88,747.27,Debit Card,No,4
ORD-0834,2024-05-09,Chennai,Male,41,Groceries,Cooking Oil,2,189,5,179.55,359.1,115.45,128.2,EMI,No,2
ORD-0835,2024-01-21,Ahmedabad,Male,21,Home & Kitchen,Mixer Grinder,1,3499,0,3499.0,3499.0,1641.76,1857.24,Credit Card,No,3
ORD-0836,2024-03-20,Kolkata,Female,37,Clothing,Jacket,1,2499,5,2374.05,2374.05,1183.93,1190.12,EMI,No,4
ORD-0837,2023-04-02,Ahmedabad,Female,18,Home & Kitchen,Curtains,1,1499,10,1349.1,1349.1,864.12,484.98,Credit Card,No,1
ORD-0838,2024-05-15,Ahmedabad,Female,62,Sports & Fitness,Dumbbells,1,2199,0,2199.0,2199.0,1247.65,951.35,Credit Card,No,2
ORD-0839,2024-01-29,Delhi,Female,22,Home & Kitchen,Curtains,1,1499,10,1349.1,1349.1,845.86,503.24,EMI,No,1
ORD-0840,2024-02-08,Delhi,Male,60,Sports & Fitness,Skipping Rope,1,299,20,239.2,239.2,163.77,75.43,Credit Card,No,5
ORD-0841,2023-07-04,Delhi,Male,26,Electronics,Tablet,1,24999,15,21249.15,21249.15,15251.95,5997.2,EMI,No,2
ORD-0842,2023-03-31,Delhi,Female,41,Sports & Fitness,Running Shoes,1,2999,0,2999.0,2999.0,1400.3,1598.7,EMI,No,1
ORD-0843,2023-09-12,Ahmedabad,Male,54,Groceries,Rice (5kg),3,349,20,279.2,837.6,203.06,228.42,Cash,No,5
ORD-0844,2023-12-27,Delhi,Male,33,Sports & Fitness,Skipping Rope,1,299,20,239.2,239.2,147.1,92.1,Credit Card,No,3
ORD-0845,2023-08-09,Hyderabad,Male,64,Clothing,Shoes,2,1999,20,1599.2,3198.4,1136.14,926.12,EMI,No,5
ORD-0846,2023-09-19,Delhi,Female,61,Groceries,Tea Powder,2,299,25,224.25,448.5,158.47,131.56,Cash,No,2
ORD-0847,2023-07-28,Chennai,Female,54,Electronics,Headphones,1,2999,25,2249.25,2249.25,1767.49,481.76,EMI,No,4
ORD-0848,2023-06-07,Chennai,Male,35,Groceries,Tea Powder,1,299,15,254.15,254.15,192.2,61.95,Credit Card,No,5
ORD-0849,2024-02-21,Pune,Female,27,Electronics,Headphones,1,2999,25,2249.25,2249.25,1402.92,846.33,Debit Card,No,1
ORD-0850,2024-01-22,Hyderabad,Female,24,Clothing,Jacket,1,2499,0,2499.0,2499.0,1212.38,1286.62,EMI,No,5
ORD-0851,2023-10-16,Mumbai,Male,38,Sports & Fitness,Running Shoes,1,2999,20,2399.2,2399.2,1408.97,990.23,Cash,No,5
ORD-0852,2024-02-17,Bangalore,Male,27,Home & Kitchen,Water Bottle,1,399,5,379.05,379.05,200.22,178.83,Cash,No,3
ORD-0853,2023-02-24,Bangalore,Female,40,Groceries,Cooking Oil,4,189,25,141.75,567.0,111.77,119.92,Cash,No,3
ORD-0854,2024-03-14,Delhi,Female,44,Sports & Fitness,Dumbbells,1,2199,10,1979.1,1979.1,1269.1,710.0,UPI,No,1
ORD-0855,2023-03-20,Hyderabad,Female,18,Clothing,T-Shirt,1,599,5,569.05,569.05,279.68,289.37,Cash,No,2
ORD-0856,2024-05-06,Delhi,Female,18,Home & Kitchen,Water Bottle,1,399,25,299.25,299.25,259.19,40.06,EMI,No,1
ORD-0857,2024-03-11,Mumbai,Female,28,Sports & Fitness,Running Shoes,1,2999,5,2849.05,2849.05,1945.88,903.17,EMI,No,2
ORD-0858,2023-03-18,Kolkata,Female,42,Groceries,Cooking Oil,3,189,20,151.2,453.6,121.05,90.45,Debit Card,No,1
ORD-0859,2023-12-13,Hyderabad,Female,31,Clothing,Shoes,3,1999,0,1999.0,5997.0,1019.16,2939.52,Credit Card,No,5
ORD-0860,2024-02-08,Ahmedabad,Male,40,Clothing,Dress,1,1599,25,1199.25,1199.25,1018.7,180.55,Credit Card,No,3
ORD-0861,2023-11-02,Bangalore,Female,40,Groceries,Rice (5kg),3,349,0,349.0,1047.0,219.19,389.43,Credit Card,No,4
ORD-0862,2023-07-22,Kolkata,Male,49,Electronics,Tablet,1,24999,20,19999.2,19999.2,15741.92,4257.28,Credit Card,No,3
ORD-0863,2023-08-20,Kolkata,Male,52,Home & Kitchen,Curtains,1,1499,10,1349.1,1349.1,764.28,584.82,UPI,No,4
ORD-0864,2024-03-25,Chennai,Male,30,Clothing,Jeans,4,1299,10,1169.1,4676.4,586.06,2332.16,UPI,Yes,4
ORD-0865,2024-03-07,Hyderabad,Male,44,Groceries,Rice (5kg),2,349,5,331.55,663.1,223.25,216.6,Cash,No,2
ORD-0866,2023-11-29,Kolkata,Male,25,Home & Kitchen,Water Bottle,1,399,25,299.25,299.25,253.25,46.0,Credit Card,No,2
ORD-0867,2023-06-09,Pune,Female,56,Groceries,Atta (10kg),2,399,0,399.0,798.0,183.7,430.6,Credit Card,No,3
ORD-0868,2023-10-16,Bangalore,Male,33,Home & Kitchen,Pressure Cooker,1,1899,15,1614.15,1614.15,948.64,665.51,UPI,No,3
ORD-0869,2023-09-11,Delhi,Male,30,Home & Kitchen,Mixer Grinder,1,3499,15,2974.15,2974.15,2068.93,905.22,EMI,No,2
ORD-0870,2023-08-23,Chennai,Male,45,Electronics,Laptop,1,54999,15,46749.15,46749.15,25171.57,21577.58,Credit Card,No,1
ORD-0871,2023-02-22,Chennai,Male,39,Home & Kitchen,Curtains,1,1499,20,1199.2,1199.2,766.42,432.78,Cash,No,5
ORD-0872,2024-03-13,Hyderabad,Female,63,Electronics,Headphones,1,2999,0,2999.0,2999.0,1511.04,1487.96,Cash,No,1
ORD-0873,2023-07-06,Pune,Male,36,Electronics,Smartphone,1,18999,0,18999.0,18999.0,11059.05,7939.95,Cash,No,5
ORD-0874,2023-04-14,Pune,Female,37,Home & Kitchen,Mixer Grinder,1,3499,10,3149.1,3149.1,2238.19,910.91,Credit Card,No,1
ORD-0875,2023-05-14,Pune,Male,59,Groceries,Biscuits Pack,3,79,25,59.25,177.75,47.29,35.88,UPI,No,4
ORD-0876,2023-03-31,Delhi,Male,55,Electronics,Laptop,1,54999,25,41249.25,41249.25,32917.86,8331.39,Debit Card,No,4
ORD-0877,2023-04-12,Ahmedabad,Male,52,Electronics,Tablet,1,24999,20,19999.2,19999.2,12963.97,7035.23,Debit Card,Yes,2
ORD-0878,2024-03-04,Pune,Female,58,Sports & Fitness,Running Shoes,1,2999,20,2399.2,2399.2,1934.43,464.77,Credit Card,No,1
ORD-0879,2024-05-09,Bangalore,Female,62,Home & Kitchen,Water Bottle,1,399,20,319.2,319.2,242.66,76.54,Debit Card,No,5
ORD-0880,2023-03-04,Kolkata,Female,43,Clothing,Jacket,1,2499,15,2124.15,2124.15,1207.28,916.87,EMI,No,2
ORD-0881,2023-01-04,Ahmedabad,Female,37,Clothing,Shoes,1,1999,5,1899.05,1899.05,1251.04,648.01,Debit Card,No,3
ORD-0882,2023-05-02,Bangalore,Female,26,Clothing,Jeans,2,1299,0,1299.0,2598.0,660.37,1277.26,UPI,No,1
ORD-0883,2023-09-12,Pune,Female,23,Clothing,Shoes,1,1999,0,1999.0,1999.0,1158.88,840.12,EMI,No,2
ORD-0884,2024-02-23,Mumbai,Female,32,Sports & Fitness,Running Shoes,1,2999,10,2699.1,2699.1,1940.51,758.59,UPI,No,1
ORD-0885,2023-04-19,Chennai,Female,32,Home & Kitchen,Bed Sheet Set,1,999,25,749.25,749.25,576.28,172.97,UPI,No,5
ORD-0886,2024-02-09,Ahmedabad,Male,49,Clothing,Jacket,4,2499,5,2374.05,9496.2,1308.8,4261.0,Debit Card,No,2
ORD-0887,2023-07-13,Hyderabad,Male,37,Sports & Fitness,Protein Powder,1,1999,25,1499.25,1499.25,971.68,527.57,Debit Card,No,4
ORD-0888,2023-07-12,Ahmedabad,Female,24,Electronics,Laptop,1,54999,0,54999.0,54999.0,29439.81,25559.19,EMI,No,1
ORD-0889,2023-04-13,Mumbai,Male,26,Home & Kitchen,Curtains,1,1499,0,1499.0,1499.0,707.54,791.46,Debit Card,No,3
ORD-0890,2023-05-27,Delhi,Female,63,Sports & Fitness,Yoga Mat,1,799,0,799.0,799.0,512.58,286.42,Credit Card,No,4
ORD-0891,2024-03-30,Mumbai,Female,58,Clothing,Dress,4,1599,10,1439.1,5756.4,768.96,2680.56,EMI,No,1
ORD-0892,2023-04-16,Kolkata,Male,18,Sports & Fitness,Running Shoes,1,2999,0,2999.0,2999.0,1656.37,1342.63,Debit Card,Yes,4
ORD-0893,2024-01-30,Kolkata,Male,49,Clothing,Dress,3,1599,25,1199.25,3597.75,791.79,1222.38,Debit Card,No,2
ORD-0894,2023-04-15,Delhi,Male,56,Groceries,Biscuits Pack,3,79,0,79.0,237.0,37.42,124.74,Debit Card,No,5
ORD-0895,2023-12-09,Hyderabad,Female,40,Sports & Fitness,Dumbbells,1,2199,25,1649.25,1649.25,1176.57,472.68,Credit Card,No,4
ORD-0896,2024-01-13,Bangalore,Female,27,Groceries,Rice (5kg),2,349,0,349.0,698.0,211.34,275.32,Cash,No,4
ORD-0897,2023-03-10,Hyderabad,Male,23,Electronics,Tablet,1,24999,15,21249.15,21249.15,16047.28,5201.87,UPI,No,2
ORD-0898,2024-01-30,Kolkata,Female,26,Groceries,Biscuits Pack,4,79,15,67.15,268.6,43.15,96.0,Debit Card,No,5
ORD-0899,2024-05-24,Chennai,Female,23,Sports & Fitness,Skipping Rope,1,299,15,254.15,254.15,166.39,87.76,EMI,No,5
ORD-0900,2023-08-13,Mumbai,Female,53,Electronics,Laptop,1,54999,10,49499.1,49499.1,24781.08,24718.02,Cash,No,1
ORD-0901,2023-03-03,Kolkata,Male,31,Groceries,Biscuits Pack,3,79,5,75.05,225.15,42.82,96.69,Debit Card,Yes,2
ORD-0902,2023-05-01,Kolkata,Female,21,Clothing,Jacket,1,2499,25,1874.25,1874.25,1472.47,401.78,Credit Card,No,1
ORD-0903,2024-05-03,Bangalore,Male,33,Sports & Fitness,Dumbbells,1,2199,0,2199.0,2199.0,1054.15,1144.85,Credit Card,Yes,4
ORD-0904,2023-06-03,Hyderabad,Female,44,Clothing,Jacket,2,2499,25,1874.25,3748.5,1498.45,751.6,UPI,No,1
ORD-0905,2023-10-21,Mumbai,Male,50,Electronics,Laptop,1,54999,0,54999.0,54999.0,34442.1,20556.9,Debit Card,Yes,4
ORD-0906,2024-04-10,Chennai,Female,28,Sports & Fitness,Running Shoes,1,2999,20,2399.2,2399.2,1650.57,748.63,UPI,No,5
ORD-0907,2024-01-22,Bangalore,Male,62,Clothing,Jeans,1,1299,15,1104.15,1104.15,641.42,462.73,Cash,No,4
ORD-0908,2024-01-25,Delhi,Male,22,Clothing,T-Shirt,4,599,10,539.1,2156.4,292.88,984.88,UPI,No,3
ORD-0909,2023-01-29,Mumbai,Female,30,Clothing,Dress,1,1599,5,1519.05,1519.05,740.44,778.61,EMI,No,1
ORD-0910,2023-09-04,Ahmedabad,Male,21,Groceries,Rice (5kg),1,349,20,279.2,279.2,196.4,82.8,UPI,No,3
ORD-0911,2023-01-09,Kolkata,Female,26,Groceries,Biscuits Pack,2,79,15,67.15,134.3,40.52,53.26,Credit Card,No,5
ORD-0912,2023-04-14,Kolkata,Female,55,Sports & Fitness,Dumbbells,1,2199,0,2199.0,2199.0,1247.79,951.21,Credit Card,No,2
ORD-0913,2024-04-19,Chennai,Male,63,Electronics,Smartphone,1,18999,25,14249.25,14249.25,9429.47,4819.78,Debit Card,No,5
ORD-0914,2024-06-12,Bangalore,Female,36,Sports & Fitness,Skipping Rope,1,299,10,269.1,269.1,161.31,107.79,UPI,No,4
ORD-0915,2023-02-10,Delhi,Male,54,Home & Kitchen,Mixer Grinder,1,3499,5,3324.05,3324.05,2272.26,1051.79,Cash,No,1
ORD-0916,2023-05-27,Pune,Male,36,Groceries,Atta (10kg),4,399,0,399.0,1596.0,187.06,847.76,Debit Card,Yes,5
ORD-0917,2024-01-08,Ahmedabad,Female,48,Groceries,Rice (5kg),2,349,0,349.0,698.0,206.65,284.7,UPI,No,4
ORD-0918,2023-05-24,Hyderabad,Female,44,Electronics,Tablet,1,24999,15,21249.15,21249.15,11447.51,9801.64,EMI,No,2
ORD-0919,2024-03-27,Kolkata,Female,34,Groceries,Atta (10kg),3,399,20,319.2,957.6,209.37,329.49,Credit Card,No,1
ORD-0920,2023-09-08,Hyderabad,Female,28,Sports & Fitness,Yoga Mat,1,799,5,759.05,759.05,495.87,263.18,EMI,No,1
ORD-0921,2023-08-17,Ahmedabad,Female,59,Home & Kitchen,Curtains,1,1499,25,1124.25,1124.25,702.58,421.67,EMI,No,4
ORD-0922,2023-04-22,Kolkata,Female,30,Electronics,Laptop,1,54999,25,41249.25,41249.25,25941.36,15307.89,Cash,No,3
ORD-0923,2023-12-17,Ahmedabad,Male,35,Sports & Fitness,Protein Powder,1,1999,5,1899.05,1899.05,1180.33,718.72,Cash,Yes,2
ORD-0924,2024-04-26,Kolkata,Male,41,Clothing,Jeans,1,1299,10,1169.1,1169.1,841.18,327.92,Cash,No,2
ORD-0925,2023-02-25,Bangalore,Male,27,Clothing,T-Shirt,4,599,25,449.25,1797.0,301.88,589.48,Credit Card,No,1
ORD-0926,2023-11-02,Hyderabad,Male,21,Home & Kitchen,Curtains,1,1499,20,1199.2,1199.2,738.74,460.46,Credit Card,No,4
ORD-0927,2023-12-17,Ahmedabad,Female,52,Groceries,Cooking Oil,3,189,5,179.55,538.65,120.66,176.67,Debit Card,No,4
ORD-0928,2023-12-30,Chennai,Male,64,Sports & Fitness,Protein Powder,1,1999,0,1999.0,1999.0,1123.8,875.2,EMI,No,3
ORD-0929,2023-11-21,Ahmedabad,Female,25,Electronics,Laptop,1,54999,15,46749.15,46749.15,35021.38,11727.77,Cash,No,1
ORD-0930,2024-04-06,Chennai,Female,62,Clothing,Jacket,1,2499,25,1874.25,1874.25,1142.79,731.46,EMI,No,5
ORD-0931,2024-01-22,Mumbai,Female,41,Clothing,Dress,2,1599,5,1519.05,3038.1,1030.31,977.48,Credit Card,No,3
ORD-0932,2024-05-29,Kolkata,Female,40,Electronics,Smartwatch,1,8999,25,6749.25,6749.25,5847.64,901.61,UPI,No,4
ORD-0933,2024-06-19,Bangalore,Male,52,Groceries,Rice (5kg),4,349,5,331.55,1326.2,186.95,578.4,Cash,No,4
ORD-0934,2023-10-18,Delhi,Male,59,Sports & Fitness,Yoga Mat,1,799,0,799.0,799.0,488.34,310.66,Credit Card,No,4
ORD-0935,2023-04-17,Ahmedabad,Male,60,Home & Kitchen,Water Bottle,1,399,20,319.2,319.2,187.51,131.69,UPI,No,2
ORD-0936,2023-08-17,Ahmedabad,Male,40,Home & Kitchen,Water Bottle,1,399,15,339.15,339.15,188.69,150.46,Cash,No,4
ORD-0937,2023-01-08,Hyderabad,Female,44,Groceries,Cooking Oil,3,189,20,151.2,453.6,95.17,168.09,Debit Card,Yes,4
ORD-0938,2023-02-03,Pune,Female,28,Electronics,Smartphone,1,18999,5,18049.05,18049.05,11553.33,6495.72,EMI,No,2
ORD-0939,2024-02-05,Kolkata,Male,58,Clothing,Shoes,4,1999,25,1499.25,5997.0,1230.8,1073.8,Cash,No,2
ORD-0940,2024-02-17,Bangalore,Male,58,Groceries,Atta (10kg),4,399,5,379.05,1516.2,197.98,724.28,EMI,No,3
ORD-0941,2023-06-12,Mumbai,Male,19,Groceries,Cooking Oil,1,189,0,189.0,189.0,86.02,102.98,EMI,No,1
ORD-0942,2024-01-27,Pune,Male,33,Electronics,Laptop,1,54999,15,46749.15,46749.15,31728.52,15020.63,Debit Card,No,5
ORD-0943,2023-09-09,Delhi,Male,58,Home & Kitchen,Bed Sheet Set,1,999,25,749.25,749.25,459.89,289.36,Credit Card,No,5
ORD-0944,2023-04-16,Bangalore,Female,34,Electronics,Smartwatch,1,8999,20,7199.2,7199.2,4270.36,2928.84,Debit Card,No,4
ORD-0945,2024-01-06,Kolkata,Male,49,Clothing,Jacket,4,2499,0,2499.0,9996.0,1522.11,3907.56,Credit Card,No,4
ORD-0946,2024-01-20,Bangalore,Male,25,Groceries,Tea Powder,2,299,5,284.05,568.1,152.42,263.26,UPI,No,4
ORD-0947,2023-01-06,Chennai,Male,52,Clothing,Shoes,3,1999,25,1499.25,4497.75,1270.0,687.75,Credit Card,No,2
ORD-0948,2023-08-10,Chennai,Male,64,Groceries,Rice (5kg),1,349,5,331.55,331.55,179.91,151.64,Debit Card,No,4
ORD-0949,2023-07-24,Hyderabad,Female,65,Electronics,Headphones,1,2999,25,2249.25,2249.25,1680.34,568.91,Cash,No,4
ORD-0950,2023-07-17,Delhi,Female,28,Groceries,Cooking Oil,3,189,5,179.55,538.65,121.41,174.42,Debit Card,No,4
ORD-0951,2024-03-19,Pune,Male,56,Home & Kitchen,Curtains,1,1499,20,1199.2,1199.2,898.52,300.68,Cash,No,5
ORD-0952,2023-12-28,Hyderabad,Female,36,Groceries,Rice (5kg),2,349,15,296.65,593.3,219.13,155.04,EMI,No,5
ORD-0953,2023-12-27,Pune,Female,29,Home & Kitchen,Pressure Cooker,1,1899,0,1899.0,1899.0,922.88,976.12,UPI,No,2
ORD-0954,2024-01-16,Mumbai,Female,31,Groceries,Cooking Oil,1,189,10,170.1,170.1,85.41,84.69,Cash,No,3
ORD-0955,2023-08-27,Chennai,Male,24,Sports & Fitness,Yoga Mat,1,799,15,679.15,679.15,404.87,274.28,EMI,No,5
ORD-0956,2023-03-18,Pune,Female,30,Sports & Fitness,Protein Powder,1,1999,25,1499.25,1499.25,1201.88,297.37,Debit Card,Yes,4
ORD-0957,2024-05-25,Ahmedabad,Male,56,Electronics,Headphones,1,2999,15,2549.15,2549.15,1421.08,1128.07,UPI,No,2
ORD-0958,2023-01-22,Hyderabad,Male,43,Groceries,Rice (5kg),1,349,25,261.75,261.75,220.68,41.07,Credit Card,No,5
ORD-0959,2023-02-10,Kolkata,Female,35,Groceries,Rice (5kg),4,349,0,349.0,1396.0,163.69,741.24,UPI,No,4
ORD-0960,2023-03-23,Kolkata,Female,62,Sports & Fitness,Running Shoes,1,2999,15,2549.15,2549.15,1716.82,832.33,Cash,No,1
ORD-0961,2024-01-18,Mumbai,Male,24,Sports & Fitness,Yoga Mat,1,799,0,799.0,799.0,395.35,403.65,UPI,No,4
ORD-0962,2023-08-20,Mumbai,Male,34,Clothing,T-Shirt,3,599,5,569.05,1707.15,367.32,605.19,Credit Card,No,3
ORD-0963,2023-03-18,Bangalore,Male,55,Groceries,Biscuits Pack,4,79,25,59.25,237.0,39.81,77.76,Cash,No,3
ORD-0964,2023-06-01,Delhi,Male,54,Sports & Fitness,Protein Powder,1,1999,25,1499.25,1499.25,1078.17,421.08,Cash,No,3
ORD-0965,2023-11-26,Hyderabad,Male,40,Home & Kitchen,Mixer Grinder,1,3499,0,3499.0,3499.0,1759.17,1739.83,EMI,No,2
ORD-0966,2023-07-30,Mumbai,Male,47,Electronics,Smartphone,1,18999,15,16149.15,16149.15,8778.55,7370.6,Cash,No,1
ORD-0967,2023-12-15,Hyderabad,Female,59,Clothing,Shoes,3,1999,20,1599.2,4797.6,1203.59,1186.83,Debit Card,No,1
ORD-0968,2023-05-14,Chennai,Female,30,Clothing,Dress,4,1599,15,1359.15,5436.6,997.09,1448.24,Credit Card,No,2
ORD-0969,2023-11-11,Delhi,Male,33,Sports & Fitness,Yoga Mat,1,799,5,759.05,759.05,433.21,325.84,Credit Card,No,2
ORD-0970,2023-10-01,Pune,Female,25,Electronics,Smartwatch,1,8999,25,6749.25,6749.25,5005.04,1744.21,EMI,No,4
ORD-0971,2023-08-06,Mumbai,Female,35,Clothing,Jacket,4,2499,20,1999.2,7996.8,1378.41,2483.16,UPI,No,4
ORD-0972,2024-03-08,Hyderabad,Female,51,Clothing,Dress,4,1599,5,1519.05,6076.2,776.04,2972.04,Cash,No,1
ORD-0973,2023-09-12,Mumbai,Female,33,Electronics,Laptop,1,54999,0,54999.0,54999.0,25334.05,29664.95,Credit Card,No,3
ORD-0974,2023-08-20,Chennai,Female,49,Sports & Fitness,Protein Powder,1,1999,15,1699.15,1699.15,1056.63,642.52,Debit Card,No,2
ORD-0975,2023-12-22,Ahmedabad,Female,62,Groceries,Atta (10kg),1,399,10,359.1,359.1,187.07,172.03,Debit Card,No,1
ORD-0976,2023-06-20,Ahmedabad,Female,39,Clothing,Dress,2,1599,15,1359.15,2718.3,1027.28,663.74,Credit Card,No,3
ORD-0977,2023-03-20,Mumbai,Female,33,Clothing,T-Shirt,3,599,20,479.2,1437.6,385.7,280.5,Cash,No,1
ORD-0978,2023-10-25,Delhi,Male,37,Clothing,Shoes,2,1999,20,1599.2,3198.4,1201.4,795.6,UPI,No,3
ORD-0979,2023-09-21,Pune,Female,63,Home & Kitchen,Bed Sheet Set,1,999,10,899.1,899.1,541.21,357.89,UPI,No,5
ORD-0980,2024-05-10,Mumbai,Male,44,Electronics,Headphones,1,2999,25,2249.25,2249.25,1661.03,588.22,Debit Card,No,2
ORD-0981,2024-01-01,Kolkata,Female,31,Home & Kitchen,Pressure Cooker,1,1899,5,1804.05,1804.05,1073.92,730.13,Credit Card,No,4
ORD-0982,2023-04-21,Pune,Female,43,Groceries,Atta (10kg),2,399,15,339.15,678.3,200.72,276.86,EMI,No,3
ORD-0983,2023-11-13,Delhi,Female,47,Clothing,T-Shirt,3,599,20,479.2,1437.6,369.48,329.16,EMI,No,3
ORD-0984,2023-10-23,Bangalore,Female,61,Electronics,Smartphone,1,18999,15,16149.15,16149.15,12072.85,4076.3,Debit Card,No,3
ORD-0985,2023-06-16,Mumbai,Female,20,Groceries,Tea Powder,1,299,10,269.1,269.1,182.38,86.72,Debit Card,No,5
ORD-0986,2023-05-07,Pune,Male,21,Electronics,Smartwatch,1,8999,10,8099.1,8099.1,4058.71,4040.39,UPI,No,3
ORD-0987,2024-05-29,Bangalore,Male,45,Sports & Fitness,Dumbbells,1,2199,0,2199.0,2199.0,1303.21,895.79,EMI,No,3
ORD-0988,2023-08-13,Kolkata,Female,43,Electronics,Smartwatch,1,8999,10,8099.1,8099.1,4497.21,3601.89,Credit Card,No,3
ORD-0989,2023-11-15,Bangalore,Male,34,Clothing,Shoes,3,1999,15,1699.15,5097.45,1221.14,1434.03,Debit Card,No,2
ORD-0990,2023-11-05,Kolkata,Female,24,Groceries,Rice (5kg),4,349,10,314.1,1256.4,195.15,475.8,Debit Card,No,3
ORD-0991,2024-05-30,Kolkata,Female,19,Groceries,Tea Powder,4,299,10,269.1,1076.4,162.45,426.6,EMI,Yes,4
ORD-0992,2023-04-01,Pune,Male,57,Clothing,Shoes,2,1999,10,1799.1,3598.2,1131.56,1335.08,EMI,No,3
ORD-0993,2023-02-24,Ahmedabad,Female,21,Home & Kitchen,Mixer Grinder,1,3499,15,2974.15,2974.15,2043.47,930.68,Credit Card,Yes,1
ORD-0994,2023-12-08,Pune,Male,25,Sports & Fitness,Yoga Mat,1,799,10,719.1,719.1,449.91,269.19,EMI,No,1
ORD-0995,2023-07-29,Ahmedabad,Male,32,Sports & Fitness,Dumbbells,1,2199,20,1759.2,1759.2,1315.19,444.01,Debit Card,No,3
ORD-0996,2023-01-07,Delhi,Male,27,Home & Kitchen,Water Bottle,1,399,25,299.25,299.25,195.57,103.68,EMI,No,5
ORD-0997,2023-04-10,Ahmedabad,Female,21,Clothing,Jeans,4,1299,0,1299.0,5196.0,590.96,2832.16,Credit Card,No,4
ORD-0998,2023-07-08,Delhi,Female,27,Clothing,Shoes,4,1999,10,1799.1,7196.4,1243.1,2224.0,Credit Card,No,2
ORD-0999,2023-06-24,Hyderabad,Female,60,Sports & Fitness,Skipping Rope,1,299,5,284.05,284.05,163.02,121.03,Credit Card,No,4
ORD-1000,2024-01-12,Kolkata,Male,19,Groceries,Tea Powder,1,299,15,254.15,254.15,162.3,91.85,UPI,No,5
ORD-1001,2024-02-03,Ahmedabad,Male,40,Electronics,Tablet,1,24999,10,22499.1,22499.1,11419.96,11079.14,Debit Card,No,4
ORD-1002,2023-10-11,Chennai,Female,63,Electronics,Laptop,1,54999,10,49499.1,49499.1,30256.47,19242.63,EMI,No,1
ORD-1003,2023-06-28,Bangalore,Female,60,Clothing,Dress,3,1599,25,1199.25,3597.75,866.49,998.28,UPI,No,1
ORD-1004,2024-05-10,Hyderabad,Male,62,Home & Kitchen,Curtains,1,1499,20,1199.2,1199.2,872.11,327.09,UPI,No,5
ORD-1005,2023-12-23,Mumbai,Male,32,Sports & Fitness,Skipping Rope,1,299,15,254.15,254.15,138.59,115.56,Credit Card,No,4
ORD-1006,2024-05-02,Bangalore,Female,44,Groceries,Cooking Oil,2,189,25,141.75,283.5,89.04,105.42,Credit Card,Yes,3
ORD-1007,2023-04-28,Mumbai,Male,38,Electronics,Smartphone,1,18999,15,16149.15,16149.15,11450.13,4699.02,Credit Card,No,4
ORD-1008,2023-05-17,Ahmedabad,Female,61,Sports & Fitness,Skipping Rope,1,299,5,284.05,284.05,146.25,137.8,UPI,No,2
ORD-1009,2024-03-20,Delhi,Male,20,Sports & Fitness,Dumbbells,1,2199,0,2199.0,2199.0,1245.56,953.44,Debit Card,No,3
ORD-1010,2024-02-22,Ahmedabad,Male,31,Sports & Fitness,Skipping Rope,1,299,0,299.0,299.0,154.92,144.08,EMI,No,5
ORD-1011,2023-12-27,Ahmedabad,Female,58,Groceries,Atta (10kg),2,399,20,319.2,638.4,243.52,151.36,Cash,No,5
ORD-1012,2023-03-22,Chennai,Male,56,Clothing,Shoes,1,1999,10,1799.1,1799.1,946.7,852.4,EMI,No,2
ORD-1013,2023-10-24,Bangalore,Female,22,Groceries,Tea Powder,3,299,25,224.25,672.75,138.61,256.92,EMI,No,5
ORD-1014,2024-05-27,Delhi,Female,34,Groceries,Tea Powder,1,299,20,239.2,239.2,167.2,72.0,Credit Card,Yes,4
ORD-1015,2023-09-25,Pune,Male,33,Clothing,Dress,2,1599,0,1599.0,3198.0,784.86,1628.28,Cash,No,5
ORD-1016,2023-02-06,Ahmedabad,Male,35,Groceries,Rice (5kg),1,349,15,296.65,296.65,219.0,77.65,Credit Card,No,4
ORD-1017,2024-06-03,Chennai,Male,21,Clothing,Dress,4,1599,15,1359.15,5436.6,816.58,2170.28,Credit Card,No,2
ORD-1018,2024-07-01,Mumbai,Female,21,Sports & Fitness,Protein Powder,1,1999,25,1499.25,1499.25,1172.85,326.4,Cash,No,2
ORD-1019,2024-03-16,Delhi,Female,40,Home & Kitchen,Water Bottle,1,399,5,379.05,379.05,188.77,190.28,Debit Card,No,1
ORD-1020,2023-09-01,Mumbai,Male,64,Clothing,T-Shirt,1,599,20,479.2,479.2,296.76,182.44,Debit Card,No,1
ORD-1021,2023-02-28,Pune,Male,36,Clothing,Jacket,3,2499,5,2374.05,7122.15,1146.4,3682.95,Debit Card,No,4
ORD-1022,2023-05-06,Chennai,Female,63,Electronics,Smartphone,1,18999,10,17099.1,17099.1,12115.17,4983.93,UPI,No,2
ORD-1023,2024-03-30,Chennai,Female,38,Groceries,Biscuits Pack,3,79,20,63.2,189.6,49.28,41.76,EMI,No,1
ORD-1024,2023-12-21,Chennai,Male,51,Home & Kitchen,Water Bottle,1,399,15,339.15,339.15,201.88,137.27,Debit Card,No,5
ORD-1025,2023-08-04,Bangalore,Male,33,Electronics,Headphones,1,2999,25,2249.25,2249.25,1839.21,410.04,Cash,No,4
ORD-1026,2023-04-27,Kolkata,Female,23,Electronics,Smartwatch,1,8999,0,8999.0,8999.0,4536.03,4462.97,Credit Card,No,5
ORD-1027,2024-01-29,Mumbai,Male,31,Home & Kitchen,Pressure Cooker,1,1899,15,1614.15,1614.15,1000.65,613.5,Cash,No,4
ORD-1028,2024-06-29,Pune,Male,56,Electronics,Headphones,1,2999,0,2999.0,2999.0,1674.37,1324.63,UPI,No,3
ORD-1029,2023-08-10,Kolkata,Female,64,Electronics,Headphones,1,2999,25,2249.25,2249.25,1846.93,402.32,Credit Card,No,5
ORD-1030,2024-02-02,Hyderabad,Male,42,Groceries,Atta (10kg),4,399,15,339.15,1356.6,225.24,455.64,Cash,No,2
ORD-1031,2023-05-16,Delhi,Male,52,Electronics,Headphones,1,2999,25,2249.25,2249.25,1919.94,329.31,UPI,No,4
ORD-1032,2023-02-09,Hyderabad,Male,25,Sports & Fitness,Running Shoes,1,2999,10,2699.1,2699.1,1510.74,1188.36,UPI,No,3
ORD-1033,2023-09-28,Ahmedabad,Male,40,Clothing,Jacket,1,2499,15,2124.15,2124.15,1344.42,779.73,Cash,No,5
ORD-1034,2023-08-12,Hyderabad,Female,22,Home & Kitchen,Pressure Cooker,1,1899,20,1519.2,1519.2,1211.12,308.08,Cash,No,3
ORD-1035,2023-09-23,Bangalore,Male,32,Home & Kitchen,Mixer Grinder,1,3499,5,3324.05,3324.05,2015.66,1308.39,Credit Card,No,2
ORD-1036,2024-06-02,Chennai,Male,63,Home & Kitchen,Water Bottle,1,399,10,359.1,359.1,182.9,176.2,UPI,No,1
ORD-1037,2023-12-28,Delhi,Male,50,Sports & Fitness,Yoga Mat,1,799,20,639.2,639.2,397.05,242.15,Cash,No,1
ORD-1038,2023-08-31,Kolkata,Male,59,Clothing,Dress,3,1599,20,1279.2,3837.6,984.71,883.47,Cash,No,2
ORD-1039,2023-01-26,Pune,Female,36,Groceries,Atta (10kg),3,399,10,359.1,1077.3,257.36,305.22,EMI,Yes,3
ORD-1040,2023-02-15,Chennai,Female,50,Groceries,Cooking Oil,1,189,20,151.2,151.2,89.07,62.13,EMI,No,3
ORD-1041,2023-08-09,Bangalore,Female,59,Home & Kitchen,Water Bottle,1,399,0,399.0,399.0,231.98,167.02,Credit Card,No,2
ORD-1042,2024-05-30,Delhi,Male,56,Sports & Fitness,Skipping Rope,1,299,25,224.25,224.25,159.55,64.7,Cash,No,5
ORD-1043,2024-03-27,Pune,Male,41,Groceries,Biscuits Pack,3,79,5,75.05,225.15,49.94,75.33,Debit Card,No,1
ORD-1044,2023-09-04,Delhi,Female,59,Home & Kitchen,Curtains,1,1499,10,1349.1,1349.1,698.44,650.66,Cash,No,4
ORD-1045,2024-03-04,Kolkata,Male,56,Clothing,Shoes,2,1999,5,1899.05,3798.1,1209.97,1378.16,UPI,No,3
ORD-1046,2023-11-18,Bangalore,Female,58,Electronics,Smartphone,1,18999,15,16149.15,16149.15,10149.35,5999.8,Debit Card,No,4
ORD-1047,2023-01-16,Ahmedabad,Male,26,Clothing,T-Shirt,3,599,15,509.15,1527.45,361.26,443.67,Credit Card,No,1
ORD-1048,2023-06-20,Kolkata,Female,40,Electronics,Laptop,1,54999,20,43999.2,43999.2,34285.06,9714.14,Debit Card,No,5
ORD-1049,2023-09-05,Delhi,Male,22,Groceries,Rice (5kg),3,349,10,314.1,942.3,198.34,347.28,UPI,No,4
ORD-1050,2024-04-05,Bangalore,Male,27,Home & Kitchen,Bed Sheet Set,1,999,15,849.15,849.15,589.43,259.72,Credit Card,No,3
ORD-1051,2024-04-09,Hyderabad,Male,32,Home & Kitchen,Bed Sheet Set,1,999,15,849.15,849.15,484.86,364.29,UPI,No,1
ORD-1052,2024-06-14,Kolkata,Female,38,Sports & Fitness,Skipping Rope,1,299,20,239.2,239.2,185.03,54.17,Cash,No,2
ORD-1053,2023-05-27,Pune,Male,40,Electronics,Laptop,1,54999,15,46749.15,46749.15,30459.93,16289.22,UPI,No,3
ORD-1054,2023-10-08,Hyderabad,Female,56,Home & Kitchen,Curtains,1,1499,5,1424.05,1424.05,939.98,484.07,Credit Card,No,3
ORD-1055,2023-05-25,Bangalore,Male,56,Electronics,Laptop,1,54999,20,43999.2,43999.2,33976.07,10023.13,Credit Card,No,5
ORD-1056,2023-07-19,Hyderabad,Female,64,Electronics,Smartwatch,1,8999,0,8999.0,8999.0,4714.65,4284.35,Cash,No,4
ORD-1057,2023-10-30,Ahmedabad,Female,23,Electronics,Smartphone,1,18999,15,16149.15,16149.15,11927.12,4222.03,Debit Card,No,1
ORD-1058,2023-12-29,Bangalore,Female,35,Electronics,Laptop,1,54999,25,41249.25,41249.25,25567.39,15681.86,Cash,No,5
ORD-1059,2023-03-17,Pune,Male,53,Groceries,Rice (5kg),1,349,15,296.65,296.65,222.13,74.52,Credit Card,No,1
ORD-1060,2023-09-09,Hyderabad,Female,27,Clothing,Shoes,2,1999,15,1699.15,3398.3,1168.75,1060.8,Cash,No,4
ORD-1061,2023-10-17,Chennai,Male,45,Clothing,Jeans,1,1299,25,974.25,974.25,831.58,142.67,Credit Card,No,5
ORD-1062,2023-08-02,Chennai,Female,48,Clothing,T-Shirt,3,599,15,509.15,1527.45,343.03,498.36,EMI,No,2
ORD-1063,2023-11-04,Kolkata,Female,52,Clothing,Dress,4,1599,25,1199.25,4797.0,876.32,1291.72,Cash,No,2
ORD-1064,2023-04-26,Kolkata,Male,29,Groceries,Tea Powder,3,299,15,254.15,762.45,149.34,314.43,Cash,No,1
ORD-1065,2023-12-22,Ahmedabad,Female,61,Home & Kitchen,Mixer Grinder,1,3499,15,2974.15,2974.15,2162.47,811.68,Debit Card,Yes,3
ORD-1066,2024-06-03,Pune,Female,43,Clothing,Jacket,3,2499,0,2499.0,7497.0,1255.3,3731.1,Cash,No,3
ORD-1067,2023-02-25,Mumbai,Female,46,Groceries,Tea Powder,2,299,25,224.25,448.5,154.87,138.76,Cash,No,2
ORD-1068,2023-07-31,Mumbai,Male,42,Electronics,Tablet,1,24999,20,19999.2,19999.2,12897.9,7101.3,Credit Card,No,3
ORD-1069,2023-12-28,Chennai,Female,52,Sports & Fitness,Yoga Mat,1,799,25,599.25,599.25,367.41,231.84,Debit Card,No,5
ORD-1070,2024-02-10,Chennai,Male,18,Clothing,Dress,3,1599,5,1519.05,4557.15,825.56,2080.47,Credit Card,No,5
ORD-1071,2023-04-15,Hyderabad,Female,19,Sports & Fitness,Protein Powder,1,1999,15,1699.15,1699.15,916.46,782.69,Debit Card,No,2
ORD-1072,2023-02-04,Hyderabad,Male,22,Groceries,Rice (5kg),4,349,15,296.65,1186.6,166.21,521.76,Credit Card,No,4
ORD-1073,2023-01-21,Delhi,Female,30,Electronics,Tablet,1,24999,20,19999.2,19999.2,15844.24,4154.96,EMI,No,3
ORD-1074,2024-03-11,Chennai,Male,34,Sports & Fitness,Yoga Mat,1,799,10,719.1,719.1,403.34,315.76,EMI,No,3
ORD-1075,2024-03-15,Ahmedabad,Female,62,Electronics,Laptop,1,54999,15,46749.15,46749.15,30920.4,15828.75,EMI,No,4
ORD-1076,2023-01-18,Delhi,Female,32,Home & Kitchen,Curtains,1,1499,10,1349.1,1349.1,903.21,445.89,EMI,No,4
ORD-1077,2023-08-26,Hyderabad,Female,27,Home & Kitchen,Bed Sheet Set,1,999,15,849.15,849.15,562.07,287.08,Credit Card,No,2
ORD-1078,2023-08-01,Kolkata,Female,51,Home & Kitchen,Water Bottle,1,399,5,379.05,379.05,186.24,192.81,EMI,No,1
ORD-1079,2024-05-20,Mumbai,Female,62,Groceries,Tea Powder,3,299,10,269.1,807.3,184.44,253.98,EMI,No,1
ORD-1080,2023-10-02,Chennai,Female,47,Clothing,Shoes,4,1999,15,1699.15,6796.6,1024.69,2697.84,Cash,No,1
ORD-1081,2023-04-18,Mumbai,Male,51,Home & Kitchen,Pressure Cooker,1,1899,15,1614.15,1614.15,902.89,711.26,Credit Card,No,4
ORD-1082,2023-04-27,Ahmedabad,Male,65,Electronics,Smartwatch,1,8999,15,7649.15,7649.15,4356.82,3292.33,EMI,No,1
ORD-1083,2023-10-31,Hyderabad,Female,57,Electronics,Smartwatch,1,8999,10,8099.1,8099.1,5345.3,2753.8,UPI,No,2
ORD-1084,2023-05-25,Pune,Female,48,Groceries,Atta (10kg),2,399,25,299.25,598.5,243.61,111.28,Cash,No,3
ORD-1085,2023-05-19,Kolkata,Male,27,Clothing,Shoes,4,1999,25,1499.25,5997.0,903.48,2383.08,Cash,Yes,1
ORD-1086,2023-11-16,Pune,Male,21,Clothing,Jeans,1,1299,25,974.25,974.25,724.25,250.0,EMI,No,2
ORD-1087,2023-03-10,Chennai,Female,36,Groceries,Atta (10kg),3,399,5,379.05,1137.15,229.73,447.96,Cash,No,3
ORD-1088,2024-01-12,Chennai,Male,55,Sports & Fitness,Protein Powder,1,1999,10,1799.1,1799.1,1123.88,675.22,Debit Card,No,2
ORD-1089,2023-10-14,Kolkata,Female,54,Clothing,Dress,1,1599,20,1279.2,1279.2,760.07,519.13,EMI,No,5
ORD-1090,2024-04-29,Delhi,Male,27,Clothing,Jeans,2,1299,0,1299.0,2598.0,841.51,914.98,Debit Card,No,1
ORD-1091,2023-11-28,Ahmedabad,Female,60,Electronics,Smartphone,1,18999,5,18049.05,18049.05,10493.93,7555.12,Cash,No,5
ORD-1092,2023-05-01,Ahmedabad,Female,37,Clothing,Shoes,4,1999,15,1699.15,6796.6,1208.96,1960.76,EMI,No,1
ORD-1093,2023-08-08,Ahmedabad,Female,62,Clothing,Dress,2,1599,25,1199.25,2398.5,988.14,422.22,UPI,No,5
ORD-1094,2024-03-21,Pune,Female,31,Groceries,Cooking Oil,3,189,0,189.0,567.0,117.38,214.86,EMI,No,2
ORD-1095,2024-01-27,Pune,Male,18,Groceries,Cooking Oil,1,189,25,141.75,141.75,92.45,49.3,EMI,No,1
ORD-1096,2024-01-13,Hyderabad,Female,43,Groceries,Atta (10kg),3,399,0,399.0,1197.0,182.23,650.31,Credit Card,No,3
ORD-1097,2023-10-08,Ahmedabad,Female,49,Electronics,Tablet,1,24999,0,24999.0,24999.0,15565.3,9433.7,Debit Card,No,5
ORD-1098,2023-04-17,Bangalore,Male,26,Electronics,Headphones,1,2999,0,2999.0,2999.0,1717.18,1281.82,Credit Card,No,1
ORD-1099,2023-02-27,Hyderabad,Male,59,Home & Kitchen,Pressure Cooker,1,1899,10,1709.1,1709.1,891.57,817.53,EMI,No,3
ORD-1100,2023-11-21,Kolkata,Female,60,Clothing,Shoes,3,1999,25,1499.25,4497.75,1105.98,1179.81,Credit Card,Yes,5
ORD-1101,2023-06-01,Chennai,Female,29,Groceries,Rice (5kg),4,349,5,331.55,1326.2,160.16,685.56,Credit Card,No,5
ORD-1102,2023-12-26,Delhi,Female,23,Electronics,Headphones,1,2999,15,2549.15,2549.15,1690.34,858.81,Credit Card,No,2
ORD-1103,2023-03-30,Mumbai,Male,58,Clothing,Dress,1,1599,20,1279.2,1279.2,964.75,314.45,UPI,No,2
ORD-1104,2023-11-12,Hyderabad,Male,35,Clothing,Jeans,1,1299,10,1169.1,1169.1,683.09,486.01,Debit Card,No,4
ORD-1105,2023-08-20,Hyderabad,Female,34,Clothing,Dress,2,1599,5,1519.05,3038.1,1032.72,972.66,Credit Card,No,5
ORD-1106,2024-01-08,Kolkata,Male,52,Groceries,Atta (10kg),2,399,15,339.15,678.3,182.48,313.34,EMI,No,4
ORD-1107,2023-12-22,Chennai,Female,31,Groceries,Cooking Oil,3,189,10,170.1,510.3,88.48,244.86,Cash,No,1
ORD-1108,2024-06-13,Pune,Female,60,Clothing,Jacket,4,2499,5,2374.05,9496.2,1417.84,3824.84,EMI,No,3
ORD-1109,2023-04-18,Pune,Male,29,Groceries,Rice (5kg),4,349,5,331.55,1326.2,190.24,565.24,UPI,No,4
ORD-1110,2023-07-10,Kolkata,Female,48,Electronics,Smartwatch,1,8999,20,7199.2,7199.2,4871.06,2328.14,Debit Card,No,3
ORD-1111,2023-12-12,Chennai,Male,44,Home & Kitchen,Curtains,1,1499,10,1349.1,1349.1,686.58,662.52,Cash,No,5
ORD-1112,2024-02-15,Hyderabad,Male,54,Sports & Fitness,Yoga Mat,1,799,5,759.05,759.05,441.4,317.65,Debit Card,No,3
ORD-1113,2023-02-25,Ahmedabad,Female,28,Electronics,Headphones,1,2999,5,2849.05,2849.05,1830.28,1018.77,Cash,Yes,2
ORD-1114,2023-07-25,Chennai,Female,23,Clothing,Dress,1,1599,10,1439.1,1439.1,778.58,660.52,Debit Card,No,5
ORD-1115,2024-01-19,Ahmedabad,Female,62,Electronics,Smartwatch,1,8999,5,8549.05,8549.05,4669.96,3879.09,Debit Card,No,4
ORD-1116,2024-04-19,Bangalore,Female,38,Clothing,T-Shirt,2,599,15,509.15,1018.3,307.69,402.92,UPI,No,4
ORD-1117,2024-02-08,Mumbai,Male,56,Sports & Fitness,Yoga Mat,1,799,10,719.1,719.1,437.58,281.52,Debit Card,No,3
ORD-1118,2024-01-06,Chennai,Male,49,Groceries,Atta (10kg),4,399,0,399.0,1596.0,252.53,585.88,Debit Card,Yes,3
ORD-1119,2024-03-21,Kolkata,Male,36,Electronics,Headphones,1,2999,15,2549.15,2549.15,1741.85,807.3,UPI,No,4
ORD-1120,2023-02-05,Delhi,Female,23,Groceries,Tea Powder,2,299,5,284.05,568.1,158.36,251.38,UPI,No,1
ORD-1121,2024-02-19,Kolkata,Female,18,Electronics,Laptop,1,54999,10,49499.1,49499.1,26165.66,23333.44,Cash,No,4
ORD-1122,2024-03-08,Delhi,Female,50,Electronics,Headphones,1,2999,15,2549.15,2549.15,1504.69,1044.46,UPI,No,3
ORD-1123,2024-07-01,Kolkata,Male,27,Groceries,Rice (5kg),4,349,5,331.55,1326.2,194.16,549.56,Credit Card,No,5
ORD-1124,2023-09-22,Ahmedabad,Female,20,Clothing,Shoes,4,1999,20,1599.2,6396.8,1073.42,2103.12,Credit Card,No,4
ORD-1125,2024-01-11,Kolkata,Female,61,Electronics,Tablet,1,24999,25,18749.25,18749.25,13095.96,5653.29,UPI,No,1
ORD-1126,2023-10-01,Pune,Female,58,Clothing,Dress,4,1599,10,1439.1,5756.4,725.15,2855.8,Credit Card,No,3
ORD-1127,2023-02-07,Delhi,Male,64,Sports & Fitness,Protein Powder,1,1999,5,1899.05,1899.05,969.61,929.44,Debit Card,No,4
ORD-1128,2023-10-09,Ahmedabad,Male,22,Groceries,Tea Powder,2,299,25,224.25,448.5,189.49,69.52,UPI,No,2
ORD-1129,2023-04-14,Hyderabad,Female,43,Home & Kitchen,Water Bottle,1,399,25,299.25,299.25,185.84,113.41,Credit Card,No,3
ORD-1130,2023-03-23,Hyderabad,Male,62,Home & Kitchen,Pressure Cooker,1,1899,5,1804.05,1804.05,1071.38,732.67,Credit Card,No,4
ORD-1131,2023-08-09,Bangalore,Female,50,Home & Kitchen,Bed Sheet Set,1,999,25,749.25,749.25,587.18,162.07,Credit Card,No,2
ORD-1132,2023-10-19,Kolkata,Male,35,Groceries,Rice (5kg),2,349,15,296.65,593.3,158.36,276.58,UPI,No,3
ORD-1133,2023-04-10,Hyderabad,Female,55,Clothing,Jeans,3,1299,0,1299.0,3897.0,641.98,1971.06,Cash,No,3
ORD-1134,2024-02-03,Pune,Female,46,Home & Kitchen,Water Bottle,1,399,0,399.0,399.0,206.92,192.08,Debit Card,No,4
ORD-1135,2023-08-04,Kolkata,Male,60,Sports & Fitness,Dumbbells,1,2199,25,1649.25,1649.25,1161.1,488.15,EMI,No,4
ORD-1136,2023-12-20,Pune,Female,36,Electronics,Laptop,1,54999,25,41249.25,41249.25,35582.91,5666.34,UPI,No,4
ORD-1137,2023-01-31,Kolkata,Female,19,Clothing,Shoes,2,1999,20,1599.2,3198.4,1149.13,900.14,UPI,No,4
ORD-1138,2023-08-29,Delhi,Male,43,Home & Kitchen,Water Bottle,1,399,5,379.05,379.05,209.75,169.3,Debit Card,No,1
ORD-1139,2023-10-24,Pune,Male,44,Clothing,Jeans,4,1299,25,974.25,3897.0,727.46,987.16,EMI,No,3
ORD-1140,2023-04-19,Kolkata,Female,47,Groceries,Atta (10kg),4,399,20,319.2,1276.8,197.51,486.76,UPI,No,4
ORD-1141,2023-06-10,Pune,Female,59,Clothing,Jacket,1,2499,10,2249.1,2249.1,1390.78,858.32,Debit Card,No,1
ORD-1142,2024-01-28,Mumbai,Male,26,Sports & Fitness,Protein Powder,1,1999,15,1699.15,1699.15,1063.59,635.56,EMI,No,1
ORD-1143,2024-02-23,Ahmedabad,Male,41,Electronics,Headphones,1,2999,20,2399.2,2399.2,1499.46,899.74,Credit Card,No,4
ORD-1144,2024-06-07,Chennai,Male,48,Clothing,Jeans,3,1299,15,1104.15,3312.45,772.4,995.25,Debit Card,No,3
ORD-1145,2023-03-08,Chennai,Female,33,Electronics,Laptop,1,54999,20,43999.2,43999.2,29822.43,14176.77,Debit Card,No,5
ORD-1146,2023-04-24,Delhi,Male,65,Sports & Fitness,Running Shoes,1,2999,5,2849.05,2849.05,1496.42,1352.63,Credit Card,No,4
ORD-1147,2024-06-16,Hyderabad,Male,63,Home & Kitchen,Curtains,1,1499,0,1499.0,1499.0,909.31,589.69,EMI,No,5
ORD-1148,2023-01-25,Kolkata,Male,41,Home & Kitchen,Curtains,1,1499,25,1124.25,1124.25,692.47,431.78,Cash,No,5
ORD-1149,2024-03-26,Hyderabad,Male,64,Home & Kitchen,Pressure Cooker,1,1899,0,1899.0,1899.0,909.99,989.01,Debit Card,No,3
ORD-1150,2023-05-26,Delhi,Female,63,Clothing,Jacket,3,2499,5,2374.05,7122.15,1173.09,3602.88,Cash,No,3
ORD-1151,2023-12-17,Hyderabad,Male,26,Groceries,Tea Powder,4,299,10,269.1,1076.4,176.38,370.88,Debit Card,No,1
ORD-1152,2023-08-15,Bangalore,Female,48,Groceries,Atta (10kg),3,399,10,359.1,1077.3,204.02,465.24,Cash,No,2
ORD-1153,2023-05-12,Chennai,Male,31,Clothing,Shoes,4,1999,10,1799.1,7196.4,1002.42,3186.72,EMI,No,5
ORD-1154,2023-01-13,Bangalore,Female,59,Groceries,Biscuits Pack,4,79,25,59.25,237.0,43.09,64.64,Debit Card,No,5
ORD-1155,2023-11-18,Ahmedabad,Male,51,Sports & Fitness,Running Shoes,1,2999,15,2549.15,2549.15,1868.62,680.53,Cash,No,4
ORD-1156,2023-01-15,Chennai,Male,35,Electronics,Headphones,1,2999,5,2849.05,2849.05,1535.07,1313.98,EMI,No,1
ORD-1157,2023-07-21,Chennai,Male,41,Groceries,Tea Powder,1,299,15,254.15,254.15,184.78,69.37,Credit Card,No,1
ORD-1158,2023-12-04,Delhi,Male,46,Sports & Fitness,Yoga Mat,1,799,10,719.1,719.1,447.96,271.14,EMI,No,2
ORD-1159,2023-09-20,Hyderabad,Female,23,Clothing,Jeans,4,1299,5,1234.05,4936.2,630.65,2413.6,Debit Card,No,1
ORD-1160,2023-05-16,Chennai,Female,47,Sports & Fitness,Running Shoes,1,2999,0,2999.0,2999.0,1474.15,1524.85,Credit Card,No,1
ORD-1161,2023-11-23,Delhi,Female,30,Electronics,Laptop,1,54999,15,46749.15,46749.15,26030.0,20719.15,Credit Card,No,2
ORD-1162,2024-05-13,Delhi,Female,59,Groceries,Atta (10kg),4,399,0,399.0,1596.0,248.27,602.92,Debit Card,No,5
ORD-1163,2024-04-12,Ahmedabad,Male,39,Electronics,Headphones,1,2999,15,2549.15,2549.15,1710.24,838.91,EMI,No,3
ORD-1164,2023-11-03,Hyderabad,Female,25,Groceries,Atta (10kg),3,399,5,379.05,1137.15,201.52,532.59,Debit Card,No,3
ORD-1165,2024-06-05,Kolkata,Female,24,Home & Kitchen,Curtains,1,1499,5,1424.05,1424.05,728.15,695.9,Cash,No,5
ORD-1166,2023-07-07,Hyderabad,Female,51,Clothing,T-Shirt,2,599,5,569.05,1138.1,306.35,525.4,Cash,No,3
ORD-1167,2023-08-04,Kolkata,Male,28,Sports & Fitness,Dumbbells,1,2199,10,1979.1,1979.1,1058.33,920.77,EMI,No,3
ORD-1168,2024-06-12,Hyderabad,Male,34,Home & Kitchen,Water Bottle,1,399,15,339.15,339.15,241.77,97.38,Cash,No,3
ORD-1169,2024-01-15,Pune,Female,37,Clothing,Dress,3,1599,10,1439.1,4317.3,984.74,1363.08,Cash,No,4
ORD-1170,2023-01-06,Bangalore,Female,35,Home & Kitchen,Pressure Cooker,1,1899,15,1614.15,1614.15,988.85,625.3,Credit Card,No,2
ORD-1171,2023-08-02,Kolkata,Female,53,Groceries,Biscuits Pack,1,79,10,71.1,71.1,40.64,30.46,EMI,No,2
ORD-1172,2024-05-30,Bangalore,Female,64,Home & Kitchen,Bed Sheet Set,1,999,0,999.0,999.0,464.42,534.58,Cash,No,5
ORD-1173,2024-04-26,Ahmedabad,Male,35,Electronics,Smartwatch,1,8999,25,6749.25,6749.25,5776.88,972.37,EMI,No,1
ORD-1174,2023-04-14,Ahmedabad,Female,25,Electronics,Headphones,1,2999,10,2699.1,2699.1,1672.18,1026.92,Cash,No,1
ORD-1175,2023-11-29,Chennai,Male,46,Home & Kitchen,Mixer Grinder,1,3499,5,3324.05,3324.05,1987.3,1336.75,Debit Card,No,5
ORD-1176,2023-09-24,Bangalore,Male,62,Sports & Fitness,Skipping Rope,1,299,10,269.1,269.1,175.79,93.31,UPI,No,3
ORD-1177,2024-04-01,Pune,Female,30,Clothing,Jeans,4,1299,10,1169.1,4676.4,643.7,2101.6,UPI,No,1
ORD-1178,2023-05-24,Ahmedabad,Male,51,Electronics,Smartwatch,1,8999,15,7649.15,7649.15,4762.83,2886.32,Credit Card,No,5
ORD-1179,2024-01-18,Pune,Female,36,Electronics,Tablet,1,24999,15,21249.15,21249.15,16227.62,5021.53,EMI,No,1
ORD-1180,2023-03-19,Bangalore,Male,54,Sports & Fitness,Yoga Mat,1,799,20,639.2,639.2,484.29,154.91,Cash,No,2
ORD-1181,2023-03-16,Bangalore,Female,22,Home & Kitchen,Bed Sheet Set,1,999,15,849.15,849.15,539.72,309.43,Debit Card,No,3
ORD-1182,2024-04-09,Hyderabad,Male,57,Sports & Fitness,Protein Powder,1,1999,0,1999.0,1999.0,1060.06,938.94,Cash,Yes,2
ORD-1183,2023-11-27,Pune,Female,59,Home & Kitchen,Mixer Grinder,1,3499,10,3149.1,3149.1,2173.28,975.82,Debit Card,No,5
ORD-1184,2023-12-30,Chennai,Female,29,Sports & Fitness,Dumbbells,1,2199,5,2089.05,2089.05,1329.51,759.54,Credit Card,Yes,5
ORD-1185,2023-02-10,Pune,Male,60,Clothing,Shoes,1,1999,10,1799.1,1799.1,1030.47,768.63,Debit Card,No,2
ORD-1186,2024-03-10,Ahmedabad,Male,42,Groceries,Cooking Oil,3,189,5,179.55,538.65,86.08,280.41,Credit Card,No,2
ORD-1187,2024-01-25,Chennai,Female,55,Electronics,Smartwatch,1,8999,15,7649.15,7649.15,4767.99,2881.16,Credit Card,No,2
ORD-1188,2024-06-02,Chennai,Male,49,Sports & Fitness,Skipping Rope,1,299,0,299.0,299.0,144.29,154.71,EMI,No,3
ORD-1189,2024-03-01,Delhi,Female,19,Clothing,Jeans,3,1299,0,1299.0,3897.0,708.73,1770.81,Credit Card,No,4
ORD-1190,2024-02-14,Delhi,Female,59,Electronics,Headphones,1,2999,10,2699.1,2699.1,1916.8,782.3,UPI,No,1
ORD-1191,2024-02-04,Pune,Male,27,Home & Kitchen,Pressure Cooker,1,1899,10,1709.1,1709.1,1131.66,577.44,Debit Card,No,1
ORD-1192,2023-05-12,Mumbai,Male,56,Sports & Fitness,Dumbbells,1,2199,5,2089.05,2089.05,1295.24,793.81,Debit Card,No,3
ORD-1193,2024-01-16,Bangalore,Male,65,Sports & Fitness,Protein Powder,1,1999,5,1899.05,1899.05,1067.16,831.89,Debit Card,No,1
ORD-1194,2023-06-16,Pune,Female,57,Electronics,Smartwatch,1,8999,5,8549.05,8549.05,4600.41,3948.64,UPI,Yes,1
ORD-1195,2023-12-06,Bangalore,Female,20,Electronics,Smartwatch,1,8999,0,8999.0,8999.0,5372.31,3626.69,EMI,No,5
ORD-1196,2024-06-21,Chennai,Male,44,Clothing,Jeans,1,1299,0,1299.0,1299.0,675.13,623.87,Credit Card,No,4
ORD-1197,2024-04-20,Mumbai,Female,48,Home & Kitchen,Water Bottle,1,399,15,339.15,339.15,190.28,148.87,Cash,No,3
ORD-1198,2023-05-12,Chennai,Male,32,Groceries,Atta (10kg),1,399,10,359.1,359.1,217.68,141.42,EMI,No,2
ORD-1199,2023-08-19,Delhi,Male,32,Electronics,Smartphone,1,18999,25,14249.25,14249.25,10084.06,4165.19,UPI,No,3
ORD-1200,2023-12-03,Hyderabad,Male,38,Home & Kitchen,Water Bottle,1,399,20,319.2,319.2,220.8,98.4,Cash,No,2
ORD-1201,2023-02-05,Mumbai,Male,58,Home & Kitchen,Pressure Cooker,1,1899,5,1804.05,1804.05,1226.58,577.47,Credit Card,No,2
ORD-1202,2023-06-15,Ahmedabad,Female,30,Home & Kitchen,Bed Sheet Set,1,999,0,999.0,999.0,563.85,435.15,EMI,No,2
ORD-1203,2024-04-09,Hyderabad,Female,39,Sports & Fitness,Running Shoes,1,2999,20,2399.2,2399.2,1613.38,785.82,Debit Card,No,4
ORD-1204,2024-04-12,Pune,Female,59,Electronics,Headphones,1,2999,20,2399.2,2399.2,1507.22,891.98,Credit Card,No,2
ORD-1205,2023-04-07,Hyderabad,Male,40,Clothing,Jacket,1,2499,0,2499.0,2499.0,1399.67,1099.33,UPI,No,5
ORD-1206,2023-03-26,Chennai,Male,61,Sports & Fitness,Dumbbells,1,2199,15,1869.15,1869.15,1350.2,518.95,Debit Card,No,2
ORD-1207,2023-12-29,Mumbai,Female,52,Sports & Fitness,Skipping Rope,1,299,5,284.05,284.05,168.21,115.84,Debit Card,No,5
ORD-1208,2023-06-20,Chennai,Male,52,Groceries,Cooking Oil,2,189,0,189.0,378.0,109.05,159.9,EMI,No,2
ORD-1209,2023-10-13,Kolkata,Female,47,Electronics,Smartwatch,1,8999,10,8099.1,8099.1,4751.06,3348.04,UPI,No,3
ORD-1210,2023-01-01,Hyderabad,Male,64,Electronics,Headphones,1,2999,25,2249.25,2249.25,1682.89,566.36,EMI,No,1
ORD-1211,2023-03-02,Bangalore,Male,43,Home & Kitchen,Mixer Grinder,1,3499,5,3324.05,3324.05,1911.11,1412.94,Debit Card,No,4
ORD-1212,2023-07-18,Hyderabad,Male,43,Clothing,Dress,2,1599,0,1599.0,3198.0,1027.63,1142.74,Credit Card,No,5
ORD-1213,2023-06-05,Mumbai,Male,51,Clothing,Jacket,3,2499,5,2374.05,7122.15,1504.69,2608.08,UPI,No,5
ORD-1214,2024-04-27,Ahmedabad,Male,22,Clothing,Jacket,1,2499,10,2249.1,2249.1,1395.07,854.03,UPI,No,1
ORD-1215,2024-01-26,Bangalore,Female,36,Groceries,Rice (5kg),4,349,25,261.75,1047.0,186.78,299.88,Debit Card,No,1
ORD-1216,2024-01-07,Delhi,Female,64,Clothing,Jacket,4,2499,25,1874.25,7497.0,1335.3,2155.8,UPI,No,5
ORD-1217,2023-12-03,Delhi,Female,33,Home & Kitchen,Bed Sheet Set,1,999,10,899.1,899.1,466.15,432.95,EMI,No,5
ORD-1218,2024-03-20,Kolkata,Female,20,Groceries,Rice (5kg),4,349,25,261.75,1047.0,196.18,262.28,EMI,No,1
ORD-1219,2023-04-08,Kolkata,Female,63,Electronics,Laptop,1,54999,10,49499.1,49499.1,31130.78,18368.32,Credit Card,No,4
ORD-1220,2024-04-16,Kolkata,Male,31,Sports & Fitness,Skipping Rope,1,299,0,299.0,299.0,190.77,108.23,EMI,No,3
ORD-1221,2023-04-12,Hyderabad,Female,61,Groceries,Tea Powder,4,299,0,299.0,1196.0,185.35,454.6,UPI,No,2
ORD-1222,2023-10-11,Hyderabad,Male,31,Home & Kitchen,Pressure Cooker,1,1899,10,1709.1,1709.1,1028.58,680.52,EMI,No,5
ORD-1223,2023-11-26,Delhi,Female,40,Home & Kitchen,Bed Sheet Set,1,999,5,949.05,949.05,618.33,330.72,EMI,No,2
ORD-1224,2023-11-21,Pune,Female,58,Groceries,Rice (5kg),1,349,25,261.75,261.75,201.68,60.07,Debit Card,No,2
ORD-1225,2023-09-29,Pune,Male,28,Home & Kitchen,Bed Sheet Set,1,999,10,899.1,899.1,610.57,288.53,UPI,Yes,2
ORD-1226,2023-11-14,Bangalore,Female,57,Sports & Fitness,Skipping Rope,1,299,10,269.1,269.1,179.8,89.3,Credit Card,No,1
ORD-1227,2024-02-19,Kolkata,Male,42,Groceries,Cooking Oil,3,189,25,141.75,425.25,105.19,109.68,Credit Card,No,3
ORD-1228,2023-03-26,Bangalore,Female,19,Groceries,Cooking Oil,1,189,15,160.65,160.65,94.35,66.3,Cash,No,2
ORD-1229,2023-09-09,Hyderabad,Male,19,Clothing,Jacket,2,2499,25,1874.25,3748.5,1197.21,1354.08,EMI,No,4
ORD-1230,2024-02-29,Bangalore,Female,58,Sports & Fitness,Skipping Rope,1,299,20,239.2,239.2,146.05,93.15,EMI,No,4
ORD-1231,2023-09-25,Chennai,Female,52,Groceries,Biscuits Pack,3,79,15,67.15,201.45,41.31,77.52,UPI,No,2
ORD-1232,2023-11-26,Ahmedabad,Female,24,Clothing,Shoes,2,1999,20,1599.2,3198.4,938.18,1322.04,EMI,No,3
ORD-1233,2023-08-18,Ahmedabad,Female,49,Home & Kitchen,Bed Sheet Set,1,999,20,799.2,799.2,616.71,182.49,EMI,No,2
ORD-1234,2023-01-23,Pune,Female,63,Sports & Fitness,Protein Powder,1,1999,20,1599.2,1599.2,1159.53,439.67,Debit Card,Yes,3
ORD-1235,2023-03-08,Ahmedabad,Female,63,Groceries,Atta (10kg),1,399,10,359.1,359.1,236.5,122.6,Debit Card,No,2
ORD-1236,2024-04-07,Kolkata,Male,52,Groceries,Atta (10kg),3,399,25,299.25,897.75,205.93,279.96,EMI,No,1
ORD-1237,2023-02-24,Kolkata,Male,64,Groceries,Atta (10kg),1,399,0,399.0,399.0,228.54,170.46,Debit Card,No,5
ORD-1238,2023-07-03,Pune,Male,24,Clothing,T-Shirt,4,599,25,449.25,1797.0,356.84,369.64,Cash,No,4
ORD-1239,2024-02-22,Bangalore,Male,37,Home & Kitchen,Curtains,1,1499,5,1424.05,1424.05,928.56,495.49,UPI,No,4
ORD-1240,2023-09-16,Chennai,Male,40,Home & Kitchen,Pressure Cooker,1,1899,5,1804.05,1804.05,953.49,850.56,Credit Card,No,1
ORD-1241,2024-06-20,Mumbai,Female,24,Groceries,Rice (5kg),1,349,20,279.2,279.2,225.59,53.61,Debit Card,Yes,5
ORD-1242,2023-01-13,Pune,Male,29,Electronics,Headphones,1,2999,15,2549.15,2549.15,1533.25,1015.9,Debit Card,No,4
ORD-1243,2023-07-06,Bangalore,Female,54,Sports & Fitness,Dumbbells,1,2199,10,1979.1,1979.1,1032.2,946.9,Debit Card,No,2
ORD-1244,2024-06-03,Delhi,Female,36,Clothing,Jacket,1,2499,0,2499.0,2499.0,1592.01,906.99,Credit Card,No,2
ORD-1245,2024-06-14,Pune,Female,60,Clothing,T-Shirt,2,599,15,509.15,1018.3,341.85,334.6,EMI,No,4
ORD-1246,2023-04-30,Bangalore,Male,49,Sports & Fitness,Yoga Mat,1,799,10,719.1,719.1,398.9,320.2,Debit Card,No,1
ORD-1247,2024-01-02,Delhi,Male,60,Electronics,Smartwatch,1,8999,25,6749.25,6749.25,5323.16,1426.09,UPI,No,5
ORD-1248,2024-06-28,Hyderabad,Female,26,Sports & Fitness,Protein Powder,1,1999,20,1599.2,1599.2,1156.7,442.5,Cash,No,3
ORD-1249,2024-03-12,Mumbai,Female,24,Home & Kitchen,Curtains,1,1499,15,1274.15,1274.15,699.25,574.9,UPI,No,5
ORD-1250,2024-02-03,Mumbai,Male,23,Groceries,Tea Powder,1,299,10,269.1,269.1,166.1,103.0,UPI,No,5
ORD-1251,2023-06-27,Hyderabad,Female,30,Groceries,Rice (5kg),1,349,20,279.2,279.2,160.35,118.85,UPI,No,1
ORD-1252,2024-03-20,Mumbai,Male,24,Sports & Fitness,Skipping Rope,1,299,5,284.05,284.05,164.97,119.08,Cash,No,2
ORD-1253,2023-11-24,Mumbai,Male,42,Electronics,Laptop,1,54999,15,46749.15,46749.15,27023.62,19725.53,Debit Card,No,1
ORD-1254,2023-10-25,Pune,Male,42,Electronics,Laptop,1,54999,25,41249.25,41249.25,33699.4,7549.85,Debit Card,No,4
ORD-1255,2023-02-15,Hyderabad,Female,61,Clothing,Jeans,2,1299,20,1039.2,2078.4,746.08,586.24,EMI,No,3
ORD-1256,2023-07-29,Kolkata,Female,35,Groceries,Tea Powder,1,299,25,224.25,224.25,159.42,64.83,Debit Card,No,4
ORD-1257,2023-09-17,Mumbai,Female,26,Sports & Fitness,Yoga Mat,1,799,25,599.25,599.25,470.22,129.03,Debit Card,No,1
ORD-1258,2023-04-29,Bangalore,Female,61,Clothing,Jacket,2,2499,0,2499.0,4998.0,1392.91,2212.18,Cash,No,3
ORD-1259,2023-10-19,Kolkata,Male,23,Sports & Fitness,Running Shoes,1,2999,0,2999.0,2999.0,1805.99,1193.01,EMI,No,2
ORD-1260,2023-05-11,Delhi,Male,20,Sports & Fitness,Yoga Mat,1,799,15,679.15,679.15,436.07,243.08,Cash,No,1
ORD-1261,2023-09-05,Bangalore,Female,56,Home & Kitchen,Water Bottle,1,399,10,359.1,359.1,214.51,144.59,Credit Card,No,5
ORD-1262,2023-07-13,Pune,Female,29,Clothing,Dress,1,1599,0,1599.0,1599.0,1022.91,576.09,UPI,No,1
ORD-1263,2024-02-05,Chennai,Male,58,Home & Kitchen,Mixer Grinder,1,3499,10,3149.1,3149.1,1928.37,1220.73,Debit Card,No,4
ORD-1264,2023-01-26,Hyderabad,Male,27,Home & Kitchen,Pressure Cooker,1,1899,5,1804.05,1804.05,1083.06,720.99,EMI,No,1
ORD-1265,2023-04-25,Bangalore,Female,41,Electronics,Smartwatch,1,8999,20,7199.2,7199.2,5011.14,2188.06,Credit Card,No,1
ORD-1266,2023-08-28,Kolkata,Male,32,Electronics,Smartwatch,1,8999,0,8999.0,8999.0,5062.32,3936.68,Credit Card,No,1
ORD-1267,2023-01-21,Kolkata,Female,65,Home & Kitchen,Water Bottle,1,399,25,299.25,299.25,210.36,88.89,Debit Card,No,5
ORD-1268,2023-09-14,Pune,Male,27,Groceries,Tea Powder,2,299,15,254.15,508.3,161.71,184.88,UPI,No,2
ORD-1269,2024-02-02,Hyderabad,Male,20,Groceries,Cooking Oil,1,189,10,170.1,170.1,101.37,68.73,Cash,No,5
ORD-1270,2023-08-21,Kolkata,Female,44,Home & Kitchen,Mixer Grinder,1,3499,25,2624.25,2624.25,1821.54,802.71,Cash,No,4
ORD-1271,2024-02-02,Kolkata,Male,64,Home & Kitchen,Bed Sheet Set,1,999,10,899.1,899.1,514.69,384.41,EMI,No,2
ORD-1272,2023-07-15,Pune,Female,53,Sports & Fitness,Dumbbells,1,2199,25,1649.25,1649.25,1279.52,369.73,Cash,No,3
ORD-1273,2023-08-07,Ahmedabad,Female,57,Home & Kitchen,Mixer Grinder,1,3499,15,2974.15,2974.15,1650.58,1323.57,Cash,Yes,2
ORD-1274,2023-12-12,Kolkata,Male,46,Sports & Fitness,Dumbbells,1,2199,25,1649.25,1649.25,1158.56,490.69,Credit Card,No,4
ORD-1275,2023-06-26,Chennai,Male,44,Groceries,Atta (10kg),4,399,5,379.05,1516.2,225.44,614.44,UPI,No,2
ORD-1276,2024-05-13,Delhi,Male,19,Groceries,Atta (10kg),1,399,20,319.2,319.2,233.51,85.69,Credit Card,No,1
ORD-1277,2023-12-06,Bangalore,Male,37,Electronics,Headphones,1,2999,10,2699.1,2699.1,1471.31,1227.79,Credit Card,No,3
ORD-1278,2024-04-02,Hyderabad,Male,53,Home & Kitchen,Bed Sheet Set,1,999,25,749.25,749.25,484.56,264.69,Debit Card,No,2
ORD-1279,2023-06-17,Kolkata,Male,53,Home & Kitchen,Pressure Cooker,1,1899,20,1519.2,1519.2,1200.26,318.94,EMI,No,3
ORD-1280,2023-09-13,Mumbai,Male,42,Electronics,Laptop,1,54999,15,46749.15,46749.15,25817.29,20931.86,Cash,No,2
ORD-1281,2023-01-21,Bangalore,Female,19,Sports & Fitness,Running Shoes,1,2999,15,2549.15,2549.15,1700.37,848.78,Cash,No,5
ORD-1282,2023-12-19,Hyderabad,Female,27,Groceries,Rice (5kg),1,349,10,314.1,314.1,169.42,144.68,Credit Card,No,2
ORD-1283,2023-11-25,Kolkata,Male,41,Groceries,Rice (5kg),4,349,10,314.1,1256.4,158.16,623.76,UPI,No,3
ORD-1284,2024-06-16,Mumbai,Male,62,Electronics,Smartwatch,1,8999,10,8099.1,8099.1,5679.84,2419.26,UPI,No,4
ORD-1285,2023-12-12,Ahmedabad,Male,39,Electronics,Headphones,1,2999,25,2249.25,2249.25,1946.41,302.84,EMI,Yes,5
ORD-1286,2023-01-11,Ahmedabad,Female,42,Sports & Fitness,Yoga Mat,1,799,10,719.1,719.1,420.38,298.72,Credit Card,No,3
ORD-1287,2024-01-20,Pune,Male,40,Groceries,Biscuits Pack,4,79,20,63.2,252.8,41.98,84.88,UPI,No,4
ORD-1288,2023-10-16,Pune,Male,19,Groceries,Rice (5kg),1,349,15,296.65,296.65,213.27,83.38,Debit Card,No,1
ORD-1289,2023-09-06,Chennai,Male,22,Electronics,Laptop,1,54999,10,49499.1,49499.1,25464.09,24035.01,Credit Card,No,3
ORD-1290,2023-03-14,Pune,Male,57,Clothing,Shoes,4,1999,25,1499.25,5997.0,1151.82,1389.72,Credit Card,Yes,2
ORD-1291,2023-07-24,Delhi,Male,45,Electronics,Laptop,1,54999,0,54999.0,54999.0,32650.2,22348.8,Debit Card,No,1
ORD-1292,2024-02-01,Ahmedabad,Male,48,Groceries,Atta (10kg),4,399,5,379.05,1516.2,244.79,537.04,UPI,No,5
ORD-1293,2023-03-04,Bangalore,Male,34,Home & Kitchen,Mixer Grinder,1,3499,20,2799.2,2799.2,1578.97,1220.23,Debit Card,No,5
ORD-1294,2023-07-13,Pune,Male,28,Electronics,Smartphone,1,18999,5,18049.05,18049.05,9260.3,8788.75,Cash,No,5
ORD-1295,2023-10-31,Chennai,Female,34,Sports & Fitness,Protein Powder,1,1999,20,1599.2,1599.2,1155.66,443.54,UPI,No,5
ORD-1296,2023-01-08,Ahmedabad,Female,64,Groceries,Biscuits Pack,1,79,5,75.05,75.05,36.52,38.53,Credit Card,No,4
ORD-1297,2023-03-23,Pune,Female,62,Home & Kitchen,Pressure Cooker,1,1899,25,1424.25,1424.25,1110.73,313.52,EMI,No,1
ORD-1298,2023-09-26,Hyderabad,Female,38,Groceries,Tea Powder,4,299,10,269.1,1076.4,156.7,449.6,EMI,No,2
ORD-1299,2023-08-22,Kolkata,Female,47,Sports & Fitness,Dumbbells,1,2199,0,2199.0,2199.0,1293.39,905.61,UPI,No,4
ORD-1300,2024-04-19,Kolkata,Female,19,Home & Kitchen,Curtains,1,1499,5,1424.05,1424.05,717.15,706.9,Debit Card,No,4
ORD-1301,2023-06-02,Bangalore,Male,55,Home & Kitchen,Bed Sheet Set,1,999,0,999.0,999.0,536.34,462.66,Debit Card,No,1
ORD-1302,2024-02-05,Mumbai,Female,43,Home & Kitchen,Mixer Grinder,1,3499,10,3149.1,3149.1,1810.6,1338.5,Debit Card,No,5
ORD-1303,2023-10-12,Bangalore,Female,60,Clothing,Jeans,4,1299,15,1104.15,4416.6,697.01,1628.56,Credit Card,No,1
ORD-1304,2023-03-10,Ahmedabad,Male,44,Groceries,Tea Powder,3,299,20,239.2,717.6,143.01,288.57,Cash,Yes,3
ORD-1305,2023-06-12,Bangalore,Female,39,Groceries,Biscuits Pack,4,79,25,59.25,237.0,45.21,56.16,UPI,No,2
ORD-1306,2024-01-14,Pune,Female,33,Sports & Fitness,Protein Powder,1,1999,0,1999.0,1999.0,906.63,1092.37,Debit Card,No,2
ORD-1307,2023-11-17,Pune,Male,26,Home & Kitchen,Bed Sheet Set,1,999,20,799.2,799.2,517.63,281.57,UPI,No,5
ORD-1308,2023-08-23,Chennai,Female,54,Sports & Fitness,Skipping Rope,1,299,5,284.05,284.05,183.19,100.86,Cash,No,3
ORD-1309,2024-06-07,Delhi,Female,47,Electronics,Smartwatch,1,8999,5,8549.05,8549.05,5171.92,3377.13,EMI,No,3
ORD-1310,2023-03-10,Hyderabad,Male,41,Home & Kitchen,Curtains,1,1499,5,1424.05,1424.05,911.78,512.27,Credit Card,No,2
ORD-1311,2023-01-04,Hyderabad,Female,49,Groceries,Biscuits Pack,4,79,20,63.2,252.8,44.43,75.08,UPI,No,5
ORD-1312,2023-07-24,Mumbai,Male,51,Clothing,Shoes,1,1999,20,1599.2,1599.2,1017.74,581.46,EMI,No,4
ORD-1313,2024-03-09,Hyderabad,Male,19,Electronics,Headphones,1,2999,10,2699.1,2699.1,1472.05,1227.05,Cash,No,4
ORD-1314,2023-06-01,Ahmedabad,Female,24,Home & Kitchen,Curtains,1,1499,20,1199.2,1199.2,721.61,477.59,UPI,No,2
ORD-1315,2024-04-09,Mumbai,Male,21,Groceries,Cooking Oil,2,189,20,151.2,302.4,97.25,107.9,UPI,No,3
ORD-1316,2023-05-26,Pune,Female,29,Groceries,Tea Powder,1,299,20,239.2,239.2,172.16,67.04,UPI,No,1
ORD-1317,2023-10-17,Mumbai,Male,49,Groceries,Atta (10kg),1,399,20,319.2,319.2,250.03,69.17,Credit Card,No,2
ORD-1318,2023-06-05,Chennai,Male,41,Electronics,Tablet,1,24999,5,23749.05,23749.05,15949.98,7799.07,UPI,No,4
ORD-1319,2023-12-18,Kolkata,Female,62,Electronics,Smartwatch,1,8999,15,7649.15,7649.15,5030.64,2618.51,Debit Card,No,1
ORD-1320,2023-08-01,Hyderabad,Male,33,Home & Kitchen,Mixer Grinder,1,3499,0,3499.0,3499.0,2108.33,1390.67,Credit Card,No,5
ORD-1321,2023-01-25,Chennai,Male,27,Electronics,Laptop,1,54999,15,46749.15,46749.15,25215.88,21533.27,Debit Card,No,3
ORD-1322,2024-02-01,Ahmedabad,Male,60,Home & Kitchen,Pressure Cooker,1,1899,20,1519.2,1519.2,1145.3,373.9,Cash,No,1
ORD-1323,2023-07-24,Ahmedabad,Male,40,Sports & Fitness,Yoga Mat,1,799,5,759.05,759.05,396.23,362.82,Credit Card,No,3
ORD-1324,2024-06-05,Hyderabad,Female,53,Clothing,Jacket,2,2499,5,2374.05,4748.1,1392.56,1962.98,UPI,No,2
ORD-1325,2023-07-26,Hyderabad,Female,25,Sports & Fitness,Running Shoes,1,2999,10,2699.1,2699.1,1466.97,1232.13,UPI,No,4
ORD-1326,2024-06-08,Kolkata,Male,65,Home & Kitchen,Mixer Grinder,1,3499,5,3324.05,3324.05,1653.41,1670.64,Debit Card,No,5
ORD-1327,2023-11-02,Chennai,Female,31,Clothing,Shoes,3,1999,10,1799.1,5397.3,1084.97,2142.39,EMI,Yes,1
ORD-1328,2023-08-10,Kolkata,Female,47,Clothing,Dress,4,1599,5,1519.05,6076.2,1022.34,1986.84,Cash,No,2
ORD-1329,2024-05-18,Chennai,Male,57,Home & Kitchen,Water Bottle,1,399,20,319.2,319.2,202.32,116.88,Credit Card,No,1
ORD-1330,2023-02-21,Kolkata,Male,24,Electronics,Headphones,1,2999,0,2999.0,2999.0,1531.56,1467.44,Credit Card,No,2
ORD-1331,2024-03-09,Hyderabad,Male,25,Groceries,Rice (5kg),4,349,10,314.1,1256.4,202.67,445.72,UPI,No,4
ORD-1332,2023-07-29,Delhi,Male,64,Electronics,Smartphone,1,18999,15,16149.15,16149.15,9212.92,6936.23,Debit Card,No,5
ORD-1333,2023-10-07,Bangalore,Male,22,Groceries,Rice (5kg),4,349,25,261.75,1047.0,161.47,401.12,Cash,No,1
ORD-1334,2023-02-08,Mumbai,Male,60,Home & Kitchen,Curtains,1,1499,15,1274.15,1274.15,798.19,475.96,Credit Card,No,3
ORD-1335,2023-10-16,Hyderabad,Male,33,Home & Kitchen,Mixer Grinder,1,3499,10,3149.1,3149.1,1591.63,1557.47,Cash,No,1
ORD-1336,2024-03-21,Mumbai,Female,41,Sports & Fitness,Protein Powder,1,1999,5,1899.05,1899.05,1185.63,713.42,Credit Card,No,4
ORD-1337,2024-04-28,Pune,Male,38,Sports & Fitness,Dumbbells,1,2199,10,1979.1,1979.1,1279.2,699.9,UPI,No,5
ORD-1338,2024-02-16,Ahmedabad,Female,41,Groceries,Tea Powder,3,299,10,269.1,807.3,143.38,377.16,Cash,No,3
ORD-1339,2023-05-21,Bangalore,Male,39,Groceries,Biscuits Pack,4,79,25,59.25,237.0,42.67,66.32,EMI,No,2
ORD-1340,2023-12-16,Chennai,Female,23,Sports & Fitness,Dumbbells,1,2199,20,1759.2,1759.2,1050.91,708.29,Cash,No,5
ORD-1341,2023-02-12,Bangalore,Male,61,Sports & Fitness,Yoga Mat,1,799,20,639.2,639.2,360.2,279.0,UPI,No,3
ORD-1342,2024-01-18,Kolkata,Male,54,Sports & Fitness,Protein Powder,1,1999,20,1599.2,1599.2,1162.18,437.02,UPI,No,1
ORD-1343,2023-08-20,Chennai,Male,50,Home & Kitchen,Mixer Grinder,1,3499,25,2624.25,2624.25,2201.03,423.22,Credit Card,No,1
ORD-1344,2023-11-10,Delhi,Male,19,Clothing,Jacket,2,2499,10,2249.1,4498.2,1395.43,1707.34,Credit Card,Yes,1
ORD-1345,2023-08-01,Delhi,Female,40,Clothing,T-Shirt,3,599,0,599.0,1797.0,323.77,825.69,Cash,Yes,5
ORD-1346,2023-11-04,Ahmedabad,Male,61,Groceries,Tea Powder,2,299,10,269.1,538.2,152.72,232.76,Cash,No,4
ORD-1347,2023-11-24,Kolkata,Male,45,Groceries,Rice (5kg),4,349,10,314.1,1256.4,217.16,387.76,EMI,No,3
ORD-1348,2024-05-17,Delhi,Female,34,Electronics,Smartwatch,1,8999,0,8999.0,8999.0,5782.34,3216.66,EMI,No,2
ORD-1349,2023-04-07,Ahmedabad,Male,38,Home & Kitchen,Curtains,1,1499,25,1124.25,1124.25,775.7,348.55,UPI,No,4
ORD-1350,2023-08-10,Bangalore,Male,50,Sports & Fitness,Protein Powder,1,1999,0,1999.0,1999.0,903.67,1095.33,Cash,Yes,2
ORD-1351,2024-04-19,Delhi,Female,29,Groceries,Atta (10kg),1,399,15,339.15,339.15,199.76,139.39,Cash,No,2
ORD-1352,2023-02-10,Bangalore,Male,30,Groceries,Atta (10kg),4,399,10,359.1,1436.4,188.3,683.2,Cash,No,1
ORD-1353,2024-02-01,Pune,Female,32,Clothing,Jacket,3,2499,0,2499.0,7497.0,1215.85,3849.45,Cash,No,1
ORD-1354,2023-04-14,Pune,Female,19,Clothing,Jeans,1,1299,5,1234.05,1234.05,698.37,535.68,EMI,No,3
ORD-1355,2023-04-19,Kolkata,Male,22,Home & Kitchen,Curtains,1,1499,0,1499.0,1499.0,758.16,740.84,Credit Card,No,3
ORD-1356,2024-05-01,Bangalore,Male,19,Home & Kitchen,Water Bottle,1,399,5,379.05,379.05,251.9,127.15,Debit Card,No,2
ORD-1357,2023-07-21,Ahmedabad,Male,60,Home & Kitchen,Water Bottle,1,399,10,359.1,359.1,224.03,135.07,Debit Card,No,1
ORD-1358,2023-02-10,Kolkata,Male,41,Clothing,Jeans,3,1299,5,1234.05,3702.15,619.16,1844.67,Credit Card,No,1
ORD-1359,2023-04-26,Hyderabad,Male,38,Sports & Fitness,Running Shoes,1,2999,20,2399.2,2399.2,1667.76,731.44,Debit Card,No,2
ORD-1360,2023-07-13,Bangalore,Female,53,Home & Kitchen,Curtains,1,1499,15,1274.15,1274.15,738.74,535.41,EMI,No,1
ORD-1361,2023-05-30,Delhi,Male,33,Clothing,Shoes,1,1999,5,1899.05,1899.05,1090.53,808.52,Cash,No,3
ORD-1362,2023-08-19,Pune,Female,19,Groceries,Tea Powder,4,299,0,299.0,1196.0,137.12,647.52,Debit Card,No,3
ORD-1363,2024-02-05,Bangalore,Female,57,Home & Kitchen,Water Bottle,1,399,5,379.05,379.05,239.29,139.76,EMI,No,2
ORD-1364,2023-09-05,Delhi,Female,56,Sports & Fitness,Skipping Rope,1,299,10,269.1,269.1,164.28,104.82,Credit Card,No,5
ORD-1365,2023-03-28,Ahmedabad,Female,37,Clothing,T-Shirt,3,599,10,539.1,1617.3,316.66,667.32,EMI,No,3
ORD-1366,2024-04-26,Bangalore,Female,39,Sports & Fitness,Protein Powder,1,1999,15,1699.15,1699.15,1202.37,496.78,Credit Card,No,3
ORD-1367,2024-06-29,Hyderabad,Female,36,Sports & Fitness,Skipping Rope,1,299,25,224.25,224.25,138.31,85.94,EMI,No,3
ORD-1368,2023-11-28,Chennai,Female,51,Clothing,Shoes,3,1999,5,1899.05,5697.15,1288.29,1832.28,Cash,No,5
ORD-1369,2024-03-10,Pune,Female,31,Clothing,Shoes,3,1999,5,1899.05,5697.15,975.5,2770.65,Cash,No,2
ORD-1370,2023-05-01,Ahmedabad,Female,33,Groceries,Cooking Oil,3,189,5,179.55,538.65,91.97,262.74,Cash,No,3
ORD-1371,2024-04-15,Delhi,Female,25,Sports & Fitness,Running Shoes,1,2999,5,2849.05,2849.05,1502.33,1346.72,Cash,No,4
ORD-1372,2023-01-04,Ahmedabad,Female,50,Electronics,Laptop,1,54999,10,49499.1,49499.1,34955.23,14543.87,EMI,No,3
ORD-1373,2023-02-22,Kolkata,Female,38,Home & Kitchen,Curtains,1,1499,20,1199.2,1199.2,706.95,492.25,Credit Card,No,1
ORD-1374,2024-01-06,Hyderabad,Male,24,Electronics,Smartphone,1,18999,0,18999.0,18999.0,9603.45,9395.55,Cash,No,5
ORD-1375,2023-03-03,Hyderabad,Female,45,Electronics,Smartphone,1,18999,10,17099.1,17099.1,12261.33,4837.77,Debit Card,No,5
ORD-1376,2023-10-01,Pune,Male,28,Sports & Fitness,Running Shoes,1,2999,5,2849.05,2849.05,1440.54,1408.51,Cash,No,5
ORD-1377,2023-01-18,Delhi,Male,33,Clothing,T-Shirt,3,599,20,479.2,1437.6,366.53,338.01,Cash,No,4
ORD-1378,2023-06-19,Hyderabad,Female,55,Clothing,Jeans,1,1299,10,1169.1,1169.1,585.37,583.73,EMI,No,4
ORD-1379,2023-08-07,Ahmedabad,Male,65,Clothing,T-Shirt,4,599,0,599.0,2396.0,354.9,976.4,Cash,No,4
ORD-1380,2023-01-24,Ahmedabad,Female,51,Sports & Fitness,Running Shoes,1,2999,5,2849.05,2849.05,1878.46,970.59,UPI,No,4
ORD-1381,2024-06-03,Pune,Male,63,Sports & Fitness,Protein Powder,1,1999,15,1699.15,1699.15,1142.05,557.1,Credit Card,No,4
ORD-1382,2023-06-22,Kolkata,Female,33,Home & Kitchen,Mixer Grinder,1,3499,5,3324.05,3324.05,1794.44,1529.61,UPI,No,4
ORD-1383,2024-04-25,Delhi,Female,63,Electronics,Tablet,1,24999,5,23749.05,23749.05,14476.81,9272.24,Credit Card,No,3
ORD-1384,2024-01-04,Ahmedabad,Female,23,Home & Kitchen,Pressure Cooker,1,1899,15,1614.15,1614.15,1020.25,593.9,Cash,No,2
ORD-1385,2023-10-03,Chennai,Male,42,Groceries,Biscuits Pack,2,79,15,67.15,134.3,38.21,57.88,UPI,Yes,2
ORD-1386,2023-04-03,Hyderabad,Female,27,Clothing,T-Shirt,1,599,20,479.2,479.2,299.55,179.65,UPI,No,4
ORD-1387,2023-10-13,Delhi,Male,23,Clothing,Jeans,3,1299,15,1104.15,3312.45,627.84,1428.93,EMI,Yes,2
ORD-1388,2023-10-23,Chennai,Male,30,Sports & Fitness,Protein Powder,1,1999,15,1699.15,1699.15,1257.34,441.81,EMI,No,1
ORD-1389,2023-04-14,Pune,Male,27,Groceries,Cooking Oil,1,189,20,151.2,151.2,114.5,36.7,EMI,No,2
ORD-1390,2023-01-09,Mumbai,Female,26,Groceries,Cooking Oil,1,189,10,170.1,170.1,103.98,66.12,Debit Card,Yes,2
ORD-1391,2023-05-16,Ahmedabad,Male,63,Clothing,Shoes,3,1999,10,1799.1,5397.3,1084.42,2144.04,Credit Card,No,2
ORD-1392,2023-02-13,Ahmedabad,Female,61,Electronics,Smartwatch,1,8999,5,8549.05,8549.05,4050.58,4498.47,Cash,No,4
ORD-1393,2024-06-21,Kolkata,Female,51,Home & Kitchen,Water Bottle,1,399,10,359.1,359.1,242.3,116.8,Cash,No,4
ORD-1394,2023-05-10,Pune,Female,25,Electronics,Laptop,1,54999,0,54999.0,54999.0,31347.21,23651.79,EMI,No,4
ORD-1395,2024-01-20,Mumbai,Male,45,Groceries,Biscuits Pack,3,79,0,79.0,237.0,43.25,107.25,Debit Card,No,5
ORD-1396,2023-05-24,Chennai,Female,34,Groceries,Tea Powder,2,299,5,284.05,568.1,135.53,297.04,Cash,No,4
ORD-1397,2024-01-16,Chennai,Male,58,Clothing,Jacket,4,2499,5,2374.05,9496.2,1604.17,3079.52,Credit Card,No,1
ORD-1398,2023-12-25,Delhi,Female,40,Home & Kitchen,Curtains,1,1499,25,1124.25,1124.25,936.01,188.24,EMI,No,1
ORD-1399,2024-05-05,Bangalore,Male,24,Electronics,Headphones,1,2999,10,2699.1,2699.1,1465.6,1233.5,Debit Card,No,5
ORD-1400,2023-10-04,Pune,Male,46,Electronics,Smartphone,1,18999,20,15199.2,15199.2,9380.54,5818.66,Cash,No,5
ORD-1401,2024-04-16,Delhi,Female,49,Groceries,Atta (10kg),3,399,10,359.1,1077.3,208.91,450.57,Cash,No,1
ORD-1402,2024-06-02,Ahmedabad,Female,27,Electronics,Laptop,1,54999,15,46749.15,46749.15,28381.16,18367.99,Debit Card,No,2
ORD-1403,2023-04-06,Mumbai,Male,37,Sports & Fitness,Protein Powder,1,1999,10,1799.1,1799.1,1057.23,741.87,Credit Card,No,2
ORD-1404,2024-03-04,Bangalore,Female,53,Sports & Fitness,Dumbbells,1,2199,15,1869.15,1869.15,1341.16,527.99,EMI,No,2
ORD-1405,2023-01-01,Ahmedabad,Male,32,Electronics,Laptop,1,54999,0,54999.0,54999.0,27670.08,27328.92,Cash,No,2
ORD-1406,2024-05-20,Pune,Female,48,Electronics,Smartphone,1,18999,25,14249.25,14249.25,10295.96,3953.29,UPI,No,5
ORD-1407,2023-12-05,Chennai,Male,19,Groceries,Atta (10kg),3,399,5,379.05,1137.15,243.88,405.51,Cash,No,3
ORD-1408,2024-06-05,Hyderabad,Female,24,Groceries,Tea Powder,4,299,25,224.25,897.0,137.62,346.52,Debit Card,No,2
ORD-1409,2023-09-12,Pune,Female,65,Home & Kitchen,Mixer Grinder,1,3499,0,3499.0,3499.0,2062.58,1436.42,Cash,No,3
ORD-1410,2023-11-03,Delhi,Female,21,Electronics,Laptop,1,54999,5,52249.05,52249.05,31603.06,20645.99,Cash,No,4
ORD-1411,2023-06-07,Pune,Male,37,Home & Kitchen,Curtains,1,1499,0,1499.0,1499.0,774.62,724.38,Debit Card,No,4
ORD-1412,2024-02-10,Chennai,Female,33,Sports & Fitness,Dumbbells,1,2199,15,1869.15,1869.15,1178.71,690.44,EMI,No,3
ORD-1413,2023-06-13,Delhi,Male,23,Sports & Fitness,Running Shoes,1,2999,20,2399.2,2399.2,1575.58,823.62,Credit Card,No,1
ORD-1414,2023-06-03,Bangalore,Male,18,Sports & Fitness,Protein Powder,1,1999,15,1699.15,1699.15,1258.0,441.15,Cash,No,2
ORD-1415,2023-10-26,Hyderabad,Female,24,Groceries,Biscuits Pack,1,79,25,59.25,59.25,36.19,23.06,Credit Card,No,1
ORD-1416,2023-02-10,Kolkata,Female,24,Sports & Fitness,Yoga Mat,1,799,5,759.05,759.05,485.72,273.33,UPI,No,5
ORD-1417,2024-06-22,Ahmedabad,Female,28,Electronics,Tablet,1,24999,10,22499.1,22499.1,11942.6,10556.5,EMI,No,5
ORD-1418,2023-08-18,Ahmedabad,Female,40,Groceries,Rice (5kg),3,349,15,296.65,889.95,203.47,279.54,EMI,No,4
ORD-1419,2024-03-04,Ahmedabad,Male,63,Clothing,Dress,3,1599,25,1199.25,3597.75,786.88,1237.11,Debit Card,Yes,1
ORD-1420,2023-05-01,Delhi,Female,39,Clothing,T-Shirt,2,599,15,509.15,1018.3,287.44,443.42,UPI,No,4
ORD-1421,2024-03-21,Hyderabad,Male,48,Home & Kitchen,Pressure Cooker,1,1899,25,1424.25,1424.25,1108.36,315.89,Credit Card,No,4
ORD-1422,2023-07-16,Hyderabad,Female,29,Groceries,Rice (5kg),1,349,0,349.0,349.0,215.76,133.24,Cash,No,4
ORD-1423,2023-11-28,Kolkata,Female,54,Home & Kitchen,Mixer Grinder,1,3499,10,3149.1,3149.1,2096.1,1053.0,Debit Card,Yes,2
ORD-1424,2023-09-14,Pune,Male,20,Home & Kitchen,Pressure Cooker,1,1899,15,1614.15,1614.15,1187.07,427.08,Debit Card,No,5
ORD-1425,2024-05-22,Mumbai,Female,63,Groceries,Cooking Oil,2,189,25,141.75,283.5,100.85,81.8,UPI,No,3
ORD-1426,2023-12-12,Chennai,Male,27,Electronics,Smartphone,1,18999,15,16149.15,16149.15,11481.35,4667.8,UPI,No,5
ORD-1427,2023-10-08,Chennai,Female,64,Sports & Fitness,Protein Powder,1,1999,20,1599.2,1599.2,1296.8,302.4,Credit Card,No,5
ORD-1428,2023-10-25,Mumbai,Female,55,Sports & Fitness,Protein Powder,1,1999,0,1999.0,1999.0,1013.29,985.71,Credit Card,No,4
ORD-1429,2024-04-19,Chennai,Female,34,Sports & Fitness,Skipping Rope,1,299,5,284.05,284.05,189.75,94.3,UPI,No,1
ORD-1430,2023-08-23,Chennai,Male,32,Sports & Fitness,Running Shoes,1,2999,15,2549.15,2549.15,1508.72,1040.43,Cash,No,1
ORD-1431,2024-03-16,Kolkata,Male,50,Electronics,Smartphone,1,18999,10,17099.1,17099.1,10583.42,6515.68,UPI,No,1
ORD-1432,2024-05-23,Hyderabad,Male,33,Sports & Fitness,Dumbbells,1,2199,20,1759.2,1759.2,1280.38,478.82,Cash,No,3
ORD-1433,2023-07-01,Delhi,Female,59,Sports & Fitness,Dumbbells,1,2199,0,2199.0,2199.0,1290.85,908.15,Debit Card,No,1
ORD-1434,2023-04-12,Kolkata,Male,45,Clothing,Dress,3,1599,5,1519.05,4557.15,934.4,1753.95,Debit Card,No,3
ORD-1435,2023-04-10,Bangalore,Male,18,Groceries,Biscuits Pack,1,79,20,63.2,63.2,36.75,26.45,Debit Card,Yes,3
ORD-1436,2023-07-03,Ahmedabad,Male,48,Electronics,Smartwatch,1,8999,10,8099.1,8099.1,4268.12,3830.98,EMI,No,1
ORD-1437,2023-12-31,Chennai,Female,64,Electronics,Headphones,1,2999,5,2849.05,2849.05,1582.2,1266.85,Credit Card,No,5
ORD-1438,2023-03-30,Chennai,Female,58,Electronics,Laptop,1,54999,5,52249.05,52249.05,28512.59,23736.46,UPI,Yes,4
ORD-1439,2024-03-18,Chennai,Female,55,Electronics,Tablet,1,24999,15,21249.15,21249.15,12311.31,8937.84,Credit Card,No,2
ORD-1440,2024-05-21,Pune,Male,20,Sports & Fitness,Protein Powder,1,1999,15,1699.15,1699.15,1028.37,670.78,Credit Card,No,1
ORD-1441,2023-12-30,Mumbai,Female,47,Electronics,Headphones,1,2999,25,2249.25,2249.25,1552.72,696.53,Credit Card,No,1
ORD-1442,2024-06-17,Ahmedabad,Female,25,Sports & Fitness,Yoga Mat,1,799,20,639.2,639.2,381.25,257.95,EMI,No,3
ORD-1443,2023-09-09,Delhi,Male,37,Groceries,Atta (10kg),3,399,15,339.15,1017.45,182.66,469.47,Debit Card,No,4
ORD-1444,2023-06-06,Pune,Male,49,Groceries,Biscuits Pack,1,79,15,67.15,67.15,50.96,16.19,UPI,No,4
ORD-1445,2023-01-24,Delhi,Male,51,Electronics,Headphones,1,2999,10,2699.1,2699.1,1460.38,1238.72,EMI,No,1
ORD-1446,2024-01-07,Pune,Male,29,Electronics,Smartphone,1,18999,10,17099.1,17099.1,11467.79,5631.31,EMI,No,1
ORD-1447,2023-08-26,Delhi,Female,53,Electronics,Headphones,1,2999,10,2699.1,2699.1,1854.26,844.84,UPI,No,4
ORD-1448,2023-02-11,Mumbai,Male,22,Groceries,Tea Powder,3,299,0,299.0,897.0,150.64,445.08,Credit Card,No,5
ORD-1449,2023-01-05,Pune,Female,52,Electronics,Smartwatch,1,8999,0,8999.0,8999.0,4894.06,4104.94,Credit Card,No,5
ORD-1450,2023-09-11,Delhi,Male,48,Electronics,Headphones,1,2999,5,2849.05,2849.05,1460.59,1388.46,Debit Card,No,2
ORD-1451,2023-06-23,Hyderabad,Male,49,Sports & Fitness,Dumbbells,1,2199,15,1869.15,1869.15,991.87,877.28,EMI,No,4
ORD-1452,2023-08-05,Hyderabad,Female,26,Sports & Fitness,Protein Powder,1,1999,5,1899.05,1899.05,1229.4,669.65,Cash,No,4
ORD-1453,2023-10-22,Hyderabad,Female,18,Groceries,Cooking Oil,1,189,20,151.2,151.2,111.77,39.43,Credit Card,No,2
ORD-1454,2023-09-17,Chennai,Male,63,Clothing,Shoes,1,1999,5,1899.05,1899.05,1286.23,612.82,Credit Card,No,2
ORD-1455,2023-02-17,Hyderabad,Male,54,Electronics,Smartwatch,1,8999,5,8549.05,8549.05,5786.75,2762.3,Credit Card,No,1
ORD-1456,2023-01-15,Bangalore,Male,64,Home & Kitchen,Pressure Cooker,1,1899,10,1709.1,1709.1,932.92,776.18,Credit Card,No,3
ORD-1457,2024-02-25,Chennai,Male,31,Home & Kitchen,Water Bottle,1,399,25,299.25,299.25,201.5,97.75,Cash,No,2
ORD-1458,2024-05-16,Mumbai,Female,47,Home & Kitchen,Bed Sheet Set,1,999,15,849.15,849.15,459.33,389.82,Debit Card,Yes,1
ORD-1459,2024-04-14,Hyderabad,Male,36,Sports & Fitness,Running Shoes,1,2999,5,2849.05,2849.05,1597.51,1251.54,UPI,No,1
ORD-1460,2024-04-29,Hyderabad,Male,46,Sports & Fitness,Yoga Mat,1,799,20,639.2,639.2,432.17,207.03,Debit Card,No,3
ORD-1461,2024-05-03,Ahmedabad,Male,19,Home & Kitchen,Bed Sheet Set,1,999,5,949.05,949.05,545.52,403.53,Debit Card,No,4
ORD-1462,2023-08-13,Delhi,Female,64,Sports & Fitness,Skipping Rope,1,299,25,224.25,224.25,190.4,33.85,UPI,No,1
ORD-1463,2023-10-06,Delhi,Male,33,Sports & Fitness,Running Shoes,1,2999,25,2249.25,2249.25,1591.7,657.55,UPI,No,2
ORD-1464,2024-06-26,Mumbai,Female,62,Clothing,Jacket,1,2499,20,1999.2,1999.2,1199.07,800.13,EMI,No,3
ORD-1465,2023-01-02,Hyderabad,Female,34,Home & Kitchen,Mixer Grinder,1,3499,5,3324.05,3324.05,1650.45,1673.6,UPI,No,4
ORD-1466,2024-01-01,Chennai,Female,20,Electronics,Smartwatch,1,8999,15,7649.15,7649.15,5173.74,2475.41,UPI,No,2
ORD-1467,2024-06-29,Mumbai,Male,24,Groceries,Tea Powder,4,299,5,284.05,1136.2,191.81,368.96,EMI,No,2
ORD-1468,2024-02-25,Delhi,Male,61,Electronics,Laptop,1,54999,15,46749.15,46749.15,29285.43,17463.72,EMI,No,2
ORD-1469,2023-08-15,Mumbai,Female,25,Clothing,Jeans,1,1299,10,1169.1,1169.1,594.06,575.04,UPI,No,4
ORD-1470,2023-08-03,Delhi,Female,56,Electronics,Headphones,1,2999,5,2849.05,2849.05,1716.49,1132.56,EMI,No,2
ORD-1471,2023-02-15,Mumbai,Female,31,Home & Kitchen,Bed Sheet Set,1,999,20,799.2,799.2,482.92,316.28,Cash,No,1
ORD-1472,2023-04-01,Hyderabad,Male,45,Sports & Fitness,Skipping Rope,1,299,5,284.05,284.05,189.85,94.2,UPI,No,4
ORD-1473,2023-06-18,Hyderabad,Male,29,Electronics,Smartphone,1,18999,25,14249.25,14249.25,10721.91,3527.34,Debit Card,No,1
ORD-1474,2023-07-03,Mumbai,Female,32,Clothing,Jeans,2,1299,5,1234.05,2468.1,661.19,1145.72,EMI,No,1
ORD-1475,2023-07-29,Delhi,Male,48,Groceries,Biscuits Pack,4,79,25,59.25,237.0,37.98,85.08,Cash,Yes,3
ORD-1476,2023-02-05,Kolkata,Male,23,Sports & Fitness,Dumbbells,1,2199,25,1649.25,1649.25,1360.26,288.99,Debit Card,No,2
ORD-1477,2024-03-01,Bangalore,Female,63,Electronics,Smartwatch,1,8999,5,8549.05,8549.05,5308.85,3240.2,EMI,No,5
ORD-1478,2023-12-04,Chennai,Female,45,Home & Kitchen,Mixer Grinder,1,3499,20,2799.2,2799.2,1947.44,851.76,Debit Card,No,4
ORD-1479,2023-10-13,Mumbai,Male,43,Groceries,Biscuits Pack,2,79,20,63.2,126.4,50.18,26.04,UPI,No,5
ORD-1480,2024-04-21,Bangalore,Male,32,Electronics,Tablet,1,24999,0,24999.0,24999.0,15232.4,9766.6,EMI,No,1
ORD-1481,2024-05-05,Bangalore,Male,51,Home & Kitchen,Water Bottle,1,399,25,299.25,299.25,238.41,60.84,Debit Card,No,2
ORD-1482,2023-05-10,Delhi,Female,51,Clothing,T-Shirt,1,599,20,479.2,479.2,298.48,180.72,EMI,No,3
ORD-1483,2023-12-07,Ahmedabad,Male,26,Sports & Fitness,Dumbbells,1,2199,5,2089.05,2089.05,1008.91,1080.14,Debit Card,No,1
ORD-1484,2024-06-14,Delhi,Female,47,Clothing,Shoes,1,1999,15,1699.15,1699.15,1068.31,630.84,Debit Card,No,3
ORD-1485,2023-01-31,Mumbai,Male,23,Electronics,Smartphone,1,18999,0,18999.0,18999.0,11495.55,7503.45,UPI,No,5
ORD-1486,2023-03-25,Delhi,Female,52,Electronics,Laptop,1,54999,15,46749.15,46749.15,35233.33,11515.82,UPI,Yes,5
ORD-1487,2023-01-27,Hyderabad,Female,34,Clothing,Dress,4,1599,10,1439.1,5756.4,934.51,2018.36,Debit Card,No,2
ORD-1488,2024-05-03,Hyderabad,Male,38,Groceries,Tea Powder,1,299,20,239.2,239.2,143.55,95.65,Cash,No,5
ORD-1489,2024-03-21,Mumbai,Female,33,Home & Kitchen,Pressure Cooker,1,1899,0,1899.0,1899.0,1082.13,816.87,Cash,No,3
ORD-1490,2023-04-01,Delhi,Male,44,Groceries,Atta (10kg),2,399,10,359.1,718.2,211.88,294.44,Debit Card,No,5
ORD-1491,2023-08-22,Bangalore,Female,64,Groceries,Biscuits Pack,1,79,25,59.25,59.25,41.34,17.91,Credit Card,No,1
ORD-1492,2024-04-26,Ahmedabad,Female,19,Electronics,Smartwatch,1,8999,5,8549.05,8549.05,4482.2,4066.85,EMI,No,5
ORD-1493,2023-07-09,Delhi,Female,34,Clothing,T-Shirt,3,599,0,599.0,1797.0,365.63,700.11,EMI,No,5
ORD-1494,2024-06-25,Bangalore,Female,49,Electronics,Headphones,1,2999,25,2249.25,2249.25,1789.37,459.88,Debit Card,No,4
ORD-1495,2023-07-12,Bangalore,Male,27,Sports & Fitness,Yoga Mat,1,799,15,679.15,679.15,402.34,276.81,Cash,No,3
ORD-1496,2023-06-24,Hyderabad,Female,37,Sports & Fitness,Skipping Rope,1,299,25,224.25,224.25,174.59,49.66,Debit Card,Yes,4
ORD-1497,2023-05-14,Hyderabad,Male,47,Groceries,Atta (10kg),2,399,15,339.15,678.3,187.86,302.58,Credit Card,No,3
ORD-1498,2024-02-04,Mumbai,Male,43,Clothing,Dress,3,1599,10,1439.1,4317.3,996.58,1327.56,Debit Card,No,3
ORD-1499,2023-12-15,Mumbai,Male,48,Sports & Fitness,Dumbbells,1,2199,10,1979.1,1979.1,1073.85,905.25,Cash,No,3
ORD-1500,2023-10-25,Mumbai,Male,64,Sports & Fitness,Skipping Rope,1,299,20,239.2,239.2,164.76,74.44,Credit Card,No,5
ORD-1501,2024-05-27,Bangalore,Female,57,Sports & Fitness,Dumbbells,1,2199,10,1979.1,1979.1,1135.37,843.73,Credit Card,No,3
ORD-1502,2023-02-08,Chennai,Male,40,Groceries,Rice (5kg),2,349,10,314.1,628.2,171.33,285.54,Debit Card,No,3
ORD-1503,2023-11-19,Bangalore,Male,23,Electronics,Smartwatch,1,8999,25,6749.25,6749.25,4448.89,2300.36,Credit Card,No,4
ORD-1504,2024-06-22,Chennai,Male,55,Home & Kitchen,Pressure Cooker,1,1899,20,1519.2,1519.2,872.91,646.29,Credit Card,No,2
ORD-1505,2024-05-19,Mumbai,Female,20,Clothing,Jeans,3,1299,15,1104.15,3312.45,844.21,779.82,Credit Card,No,5
ORD-1506,2024-06-01,Kolkata,Male,18,Home & Kitchen,Bed Sheet Set,1,999,15,849.15,849.15,468.59,380.56,Debit Card,No,1
ORD-1507,2023-01-31,Delhi,Male,56,Sports & Fitness,Yoga Mat,1,799,10,719.1,719.1,483.98,235.12,EMI,No,2
ORD-1508,2024-01-22,Hyderabad,Male,64,Groceries,Tea Powder,4,299,25,224.25,897.0,150.33,295.68,Cash,No,5
ORD-1509,2023-08-07,Bangalore,Male,22,Home & Kitchen,Bed Sheet Set,1,999,20,799.2,799.2,607.81,191.39,UPI,No,1
ORD-1510,2024-06-22,Chennai,Male,43,Sports & Fitness,Running Shoes,1,2999,0,2999.0,2999.0,1672.98,1326.02,EMI,No,1
ORD-1511,2023-05-23,Bangalore,Male,56,Home & Kitchen,Mixer Grinder,1,3499,5,3324.05,3324.05,2144.85,1179.2,EMI,No,1
ORD-1512,2023-09-03,Delhi,Male,34,Home & Kitchen,Bed Sheet Set,1,999,10,899.1,899.1,517.02,382.08,Credit Card,No,3
ORD-1513,2023-05-14,Mumbai,Female,58,Sports & Fitness,Skipping Rope,1,299,15,254.15,254.15,190.8,63.35,Credit Card,No,3
ORD-1514,2023-09-01,Mumbai,Male,25,Home & Kitchen,Curtains,1,1499,15,1274.15,1274.15,805.07,469.08,Debit Card,No,1
ORD-1515,2023-02-13,Kolkata,Male,19,Clothing,T-Shirt,2,599,20,479.2,958.4,312.84,332.72,Cash,No,4
ORD-1516,2023-03-16,Hyderabad,Female,40,Groceries,Cooking Oil,2,189,0,189.0,378.0,114.07,149.86,Credit Card,No,5
ORD-1517,2023-07-07,Ahmedabad,Female,53,Home & Kitchen,Water Bottle,1,399,0,399.0,399.0,218.28,180.72,Debit Card,No,5
ORD-1518,2023-09-28,Mumbai,Female,30,Groceries,Rice (5kg),2,349,0,349.0,698.0,178.27,341.46,UPI,No,4
ORD-1519,2024-06-25,Pune,Male,21,Clothing,Jacket,2,2499,0,2499.0,4998.0,1241.38,2515.24,Credit Card,No,4
ORD-1520,2023-01-19,Delhi,Female,36,Sports & Fitness,Yoga Mat,1,799,20,639.2,639.2,418.4,220.8,EMI,No,1
ORD-1521,2024-04-08,Kolkata,Female,60,Groceries,Atta (10kg),4,399,5,379.05,1516.2,239.9,556.6,UPI,No,5
ORD-1522,2024-04-12,Pune,Female,58,Electronics,Tablet,1,24999,10,22499.1,22499.1,11975.43,10523.67,EMI,No,3
ORD-1523,2023-04-16,Chennai,Male,30,Groceries,Rice (5kg),3,349,20,279.2,837.6,196.8,247.2,Credit Card,No,2
ORD-1524,2023-10-29,Mumbai,Female,27,Clothing,Jacket,1,2499,15,2124.15,2124.15,1328.38,795.77,Cash,No,4
ORD-1525,2024-03-03,Hyderabad,Male,51,Electronics,Smartwatch,1,8999,5,8549.05,8549.05,5398.1,3150.95,EMI,No,5
ORD-1526,2024-01-06,Hyderabad,Male,40,Clothing,Shoes,1,1999,5,1899.05,1899.05,1233.77,665.28,Cash,No,1
ORD-1527,2023-05-26,Bangalore,Female,55,Sports & Fitness,Skipping Rope,1,299,15,254.15,254.15,154.96,99.19,UPI,No,2
ORD-1528,2024-03-20,Pune,Female,58,Groceries,Rice (5kg),4,349,20,279.2,1116.8,197.04,328.64,Credit Card,No,2
ORD-1529,2023-01-16,Bangalore,Male,51,Sports & Fitness,Protein Powder,1,1999,15,1699.15,1699.15,938.83,760.32,UPI,No,1
ORD-1530,2023-09-15,Hyderabad,Female,58,Clothing,Dress,2,1599,15,1359.15,2718.3,796.49,1125.32,Credit Card,No,2
ORD-1531,2024-05-04,Kolkata,Male,21,Clothing,T-Shirt,4,599,0,599.0,2396.0,341.48,1030.08,Credit Card,No,4
ORD-1532,2024-05-30,Pune,Male,21,Clothing,T-Shirt,2,599,0,599.0,1198.0,367.1,463.8,Credit Card,No,1
ORD-1533,2023-10-13,Pune,Male,47,Electronics,Headphones,1,2999,25,2249.25,2249.25,1713.35,535.9,Cash,No,5
ORD-1534,2023-07-20,Bangalore,Male,64,Sports & Fitness,Protein Powder,1,1999,25,1499.25,1499.25,1063.92,435.33,UPI,No,3
ORD-1535,2023-10-04,Hyderabad,Female,28,Electronics,Smartwatch,1,8999,15,7649.15,7649.15,4846.31,2802.84,Credit Card,No,4
ORD-1536,2023-05-24,Bangalore,Female,19,Home & Kitchen,Curtains,1,1499,25,1124.25,1124.25,713.53,410.72,EMI,No,4
ORD-1537,2024-04-30,Delhi,Female,19,Home & Kitchen,Pressure Cooker,1,1899,5,1804.05,1804.05,1069.3,734.75,Cash,No,5
ORD-1538,2023-09-27,Chennai,Male,26,Electronics,Laptop,1,54999,5,52249.05,52249.05,26978.84,25270.21,UPI,No,2
ORD-1539,2023-07-27,Delhi,Female,18,Groceries,Tea Powder,4,299,0,299.0,1196.0,167.12,527.52,Debit Card,No,2
ORD-1540,2023-04-15,Delhi,Male,45,Electronics,Tablet,1,24999,5,23749.05,23749.05,11251.87,12497.18,Debit Card,No,3
ORD-1541,2023-05-16,Pune,Female,25,Home & Kitchen,Curtains,1,1499,20,1199.2,1199.2,846.47,352.73,Debit Card,No,1
ORD-1542,2023-10-31,Bangalore,Female,21,Groceries,Biscuits Pack,1,79,20,63.2,63.2,47.02,16.18,Debit Card,No,3
ORD-1543,2024-06-06,Mumbai,Male,46,Electronics,Smartphone,1,18999,15,16149.15,16149.15,9595.98,6553.17,Debit Card,No,1
ORD-1544,2024-02-12,Ahmedabad,Female,60,Home & Kitchen,Water Bottle,1,399,0,399.0,399.0,253.58,145.42,EMI,No,2
ORD-1545,2023-03-18,Ahmedabad,Male,24,Electronics,Laptop,1,54999,25,41249.25,41249.25,25764.49,15484.76,Debit Card,No,4
ORD-1546,2023-06-25,Ahmedabad,Female,32,Sports & Fitness,Skipping Rope,1,299,10,269.1,269.1,178.48,90.62,Cash,No,2
ORD-1547,2023-09-06,Pune,Female,19,Electronics,Tablet,1,24999,5,23749.05,23749.05,13967.0,9782.05,UPI,No,4
ORD-1548,2023-01-24,Kolkata,Female,61,Home & Kitchen,Water Bottle,1,399,20,319.2,319.2,236.94,82.26,Credit Card,No,1
ORD-1549,2024-02-17,Bangalore,Male,41,Home & Kitchen,Mixer Grinder,1,3499,15,2974.15,2974.15,1937.24,1036.91,Credit Card,No,2
ORD-1550,2023-03-28,Bangalore,Male,43,Clothing,Jeans,3,1299,5,1234.05,3702.15,669.74,1692.93,UPI,Yes,3
ORD-1551,2024-04-03,Delhi,Male,22,Electronics,Headphones,1,2999,15,2549.15,2549.15,1691.1,858.05,EMI,No,5
ORD-1552,2024-02-12,Hyderabad,Male,45,Home & Kitchen,Water Bottle,1,399,0,399.0,399.0,224.04,174.96,EMI,No,3
ORD-1553,2023-01-17,Chennai,Female,64,Clothing,Jeans,3,1299,0,1299.0,3897.0,791.97,1521.09,EMI,No,3
ORD-1554,2024-06-03,Delhi,Male,36,Groceries,Cooking Oil,3,189,10,170.1,510.3,117.03,159.21,UPI,No,5
ORD-1555,2024-06-03,Delhi,Female,29,Home & Kitchen,Pressure Cooker,1,1899,25,1424.25,1424.25,1103.26,320.99,Debit Card,No,4
ORD-1556,2024-04-03,Bangalore,Male,57,Home & Kitchen,Curtains,1,1499,5,1424.05,1424.05,836.22,587.83,Cash,No,1
ORD-1557,2023-03-07,Kolkata,Male,57,Home & Kitchen,Curtains,1,1499,20,1199.2,1199.2,834.1,365.1,EMI,No,5
ORD-1558,2024-05-24,Mumbai,Female,61,Clothing,Jeans,2,1299,10,1169.1,2338.2,712.87,912.46,EMI,Yes,2
ORD-1559,2023-09-01,Pune,Female,42,Groceries,Rice (5kg),3,349,25,261.75,785.25,218.68,129.21,EMI,No,4
ORD-1560,2023-02-09,Bangalore,Female,41,Electronics,Smartphone,1,18999,5,18049.05,18049.05,9611.96,8437.09,UPI,No,5
ORD-1561,2024-02-07,Pune,Female,29,Home & Kitchen,Water Bottle,1,399,15,339.15,339.15,195.2,143.95,Debit Card,No,2
ORD-1562,2024-06-29,Chennai,Male,52,Sports & Fitness,Running Shoes,1,2999,15,2549.15,2549.15,1847.57,701.58,EMI,No,3
ORD-1563,2024-02-19,Pune,Female,29,Clothing,Dress,3,1599,0,1599.0,4797.0,779.23,2459.31,UPI,No,5
ORD-1564,2023-06-25,Chennai,Female,51,Home & Kitchen,Water Bottle,1,399,5,379.05,379.05,248.84,130.21,EMI,No,3
ORD-1565,2023-04-15,Mumbai,Female,51,Clothing,Shoes,4,1999,0,1999.0,7996.0,1047.17,3807.32,UPI,No,5
ORD-1566,2023-11-29,Hyderabad,Female,32,Electronics,Tablet,1,24999,10,22499.1,22499.1,15029.34,7469.76,Credit Card,No,5
ORD-1567,2023-05-03,Delhi,Female,56,Sports & Fitness,Skipping Rope,1,299,0,299.0,299.0,189.94,109.06,Cash,No,2
ORD-1568,2024-06-18,Delhi,Female,31,Groceries,Atta (10kg),3,399,5,379.05,1137.15,242.87,408.54,Cash,No,3
ORD-1569,2023-10-28,Chennai,Male,31,Home & Kitchen,Pressure Cooker,1,1899,10,1709.1,1709.1,1168.87,540.23,Debit Card,No,2
ORD-1570,2024-03-05,Kolkata,Female,38,Home & Kitchen,Water Bottle,1,399,0,399.0,399.0,198.55,200.45,Credit Card,Yes,5
ORD-1571,2023-09-30,Pune,Male,47,Clothing,T-Shirt,1,599,10,539.1,539.1,273.77,265.33,Cash,No,1
ORD-1572,2024-06-20,Bangalore,Female,18,Home & Kitchen,Water Bottle,1,399,0,399.0,399.0,227.83,171.17,UPI,No,2
ORD-1573,2024-06-10,Bangalore,Female,53,Sports & Fitness,Skipping Rope,1,299,10,269.1,269.1,158.6,110.5,Cash,No,3
ORD-1574,2024-06-02,Hyderabad,Male,26,Home & Kitchen,Curtains,1,1499,20,1199.2,1199.2,807.12,392.08,Cash,No,5
ORD-1575,2023-12-12,Kolkata,Female,38,Groceries,Atta (10kg),3,399,25,299.25,897.75,238.03,183.66,EMI,No,5
ORD-1576,2023-05-12,Kolkata,Female,19,Groceries,Atta (10kg),1,399,0,399.0,399.0,244.38,154.62,Debit Card,No,1
ORD-1577,2023-02-10,Chennai,Male,22,Electronics,Laptop,1,54999,10,49499.1,49499.1,28847.02,20652.08,Debit Card,No,1
ORD-1578,2023-11-30,Ahmedabad,Male,51,Groceries,Rice (5kg),1,349,5,331.55,331.55,179.66,151.89,Debit Card,No,4
ORD-1579,2023-07-06,Kolkata,Female,55,Electronics,Headphones,1,2999,10,2699.1,2699.1,1520.11,1178.99,EMI,No,4
ORD-1580,2023-05-28,Ahmedabad,Female,59,Home & Kitchen,Mixer Grinder,1,3499,15,2974.15,2974.15,1888.76,1085.39,Cash,No,1
ORD-1581,2023-05-13,Hyderabad,Male,22,Groceries,Atta (10kg),2,399,25,299.25,598.5,252.91,92.68,EMI,No,2
ORD-1582,2023-04-19,Bangalore,Male,58,Clothing,Jeans,2,1299,0,1299.0,2598.0,636.56,1324.88,UPI,No,1
ORD-1583,2024-01-22,Hyderabad,Female,28,Electronics,Smartphone,1,18999,20,15199.2,15199.2,9479.55,5719.65,Debit Card,No,4
ORD-1584,2023-12-20,Kolkata,Male,60,Electronics,Tablet,1,24999,5,23749.05,23749.05,15084.07,8664.98,Cash,No,2
ORD-1585,2023-12-25,Pune,Female,48,Home & Kitchen,Curtains,1,1499,10,1349.1,1349.1,752.6,596.5,Debit Card,No,5
ORD-1586,2023-02-03,Ahmedabad,Female,60,Groceries,Cooking Oil,1,189,20,151.2,151.2,104.36,46.84,EMI,No,1
ORD-1587,2024-02-06,Delhi,Female,29,Electronics,Tablet,1,24999,5,23749.05,23749.05,14840.85,8908.2,Credit Card,No,2
ORD-1588,2023-07-23,Bangalore,Male,38,Home & Kitchen,Mixer Grinder,1,3499,20,2799.2,2799.2,2033.2,766.0,Debit Card,No,5
ORD-1589,2023-08-08,Pune,Male,58,Home & Kitchen,Mixer Grinder,1,3499,0,3499.0,3499.0,2087.37,1411.63,UPI,No,5
ORD-1590,2023-05-28,Chennai,Male,38,Clothing,Jeans,3,1299,10,1169.1,3507.3,767.05,1206.15,EMI,No,3
ORD-1591,2024-03-03,Ahmedabad,Male,28,Electronics,Smartwatch,1,8999,25,6749.25,6749.25,5209.71,1539.54,Cash,No,1
ORD-1592,2023-12-07,Delhi,Male,46,Groceries,Biscuits Pack,4,79,20,63.2,252.8,45.21,71.96,EMI,No,5
ORD-1593,2024-03-25,Delhi,Male,21,Electronics,Laptop,1,54999,20,43999.2,43999.2,26667.15,17332.05,UPI,No,5
ORD-1594,2024-04-24,Ahmedabad,Female,26,Sports & Fitness,Protein Powder,1,1999,25,1499.25,1499.25,944.53,554.72,EMI,No,5
ORD-1595,2023-09-06,Pune,Female,64,Clothing,Jeans,1,1299,0,1299.0,1299.0,619.55,679.45,Credit Card,No,2
ORD-1596,2023-02-08,Ahmedabad,Female,40,Electronics,Headphones,1,2999,20,2399.2,2399.2,1642.82,756.38,Debit Card,No,3
ORD-1597,2024-06-10,Mumbai,Male,19,Groceries,Cooking Oil,4,189,5,179.55,718.2,119.99,238.24,UPI,No,2
ORD-1598,2024-02-02,Ahmedabad,Male,40,Electronics,Tablet,1,24999,20,19999.2,19999.2,12853.16,7146.04,Debit Card,No,5
ORD-1599,2023-04-06,Pune,Male,23,Electronics,Laptop,1,54999,25,41249.25,41249.25,31098.51,10150.74,UPI,No,3
ORD-1600,2024-06-07,Kolkata,Female,23,Clothing,T-Shirt,2,599,20,479.2,958.4,378.77,200.86,Debit Card,No,4
ORD-1601,2023-04-06,Bangalore,Male,25,Sports & Fitness,Yoga Mat,1,799,5,759.05,759.05,423.12,335.93,Debit Card,No,4
ORD-1602,2024-02-24,Delhi,Male,25,Home & Kitchen,Mixer Grinder,1,3499,0,3499.0,3499.0,1655.14,1843.86,Cash,No,2
ORD-1603,2023-07-05,Ahmedabad,Male,64,Electronics,Smartphone,1,18999,20,15199.2,15199.2,11291.75,3907.45,UPI,No,5
ORD-1604,2024-03-24,Chennai,Female,42,Clothing,Jeans,2,1299,20,1039.2,2078.4,594.17,890.06,UPI,No,1
ORD-1605,2023-07-03,Hyderabad,Male,24,Home & Kitchen,Bed Sheet Set,1,999,20,799.2,799.2,470.26,328.94,Credit Card,No,5
ORD-1606,2024-02-09,Pune,Male,27,Sports & Fitness,Dumbbells,1,2199,10,1979.1,1979.1,1367.71,611.39,EMI,No,2
ORD-1607,2023-01-18,Pune,Female,22,Sports & Fitness,Dumbbells,1,2199,25,1649.25,1649.25,1362.0,287.25,Credit Card,No,2
ORD-1608,2023-12-20,Chennai,Female,25,Clothing,Shoes,1,1999,15,1699.15,1699.15,1209.94,489.21,Debit Card,No,4
ORD-1609,2024-01-03,Hyderabad,Male,31,Sports & Fitness,Running Shoes,1,2999,20,2399.2,2399.2,1569.49,829.71,Credit Card,No,1
ORD-1610,2023-06-09,Kolkata,Male,41,Electronics,Laptop,1,54999,15,46749.15,46749.15,34981.4,11767.75,EMI,No,2
ORD-1611,2024-05-21,Delhi,Female,45,Groceries,Rice (5kg),1,349,5,331.55,331.55,187.98,143.57,EMI,Yes,2
ORD-1612,2023-05-14,Hyderabad,Male,61,Clothing,Dress,1,1599,20,1279.2,1279.2,829.05,450.15,Credit Card,No,3
ORD-1613,2023-02-03,Kolkata,Female,54,Clothing,T-Shirt,1,599,0,599.0,599.0,343.36,255.64,Cash,No,3
ORD-1614,2023-03-08,Kolkata,Male,33,Groceries,Tea Powder,3,299,20,239.2,717.6,156.79,247.23,UPI,No,1
ORD-1615,2023-05-21,Mumbai,Male,50,Groceries,Tea Powder,1,299,15,254.15,254.15,141.16,112.99,Credit Card,Yes,1
ORD-1616,2024-02-27,Hyderabad,Male,49,Sports & Fitness,Dumbbells,1,2199,0,2199.0,2199.0,1187.16,1011.84,Debit Card,No,1
ORD-1617,2023-01-14,Ahmedabad,Male,27,Sports & Fitness,Yoga Mat,1,799,25,599.25,599.25,466.65,132.6,EMI,Yes,1
ORD-1618,2023-12-17,Mumbai,Female,46,Electronics,Smartwatch,1,8999,0,8999.0,8999.0,4401.39,4597.61,Credit Card,No,4
ORD-1619,2023-08-23,Hyderabad,Female,37,Groceries,Rice (5kg),3,349,0,349.0,1047.0,182.26,500.22,Debit Card,No,2
ORD-1620,2023-04-27,Pune,Female,45,Clothing,T-Shirt,4,599,0,599.0,2396.0,291.32,1230.72,Cash,No,4
ORD-1621,2023-01-31,Chennai,Female,28,Clothing,T-Shirt,1,599,20,479.2,479.2,309.53,169.67,Cash,No,4
ORD-1622,2024-02-08,Delhi,Male,26,Home & Kitchen,Mixer Grinder,1,3499,0,3499.0,3499.0,1821.74,1677.26,Cash,Yes,1
ORD-1623,2023-09-30,Pune,Male,22,Home & Kitchen,Curtains,1,1499,15,1274.15,1274.15,704.58,569.57,Credit Card,Yes,5
ORD-1624,2024-05-12,Hyderabad,Male,52,Home & Kitchen,Pressure Cooker,1,1899,10,1709.1,1709.1,868.74,840.36,EMI,Yes,5
ORD-1625,2023-10-04,Delhi,Female,29,Sports & Fitness,Yoga Mat,1,799,10,719.1,719.1,399.39,319.71,Credit Card,No,5
ORD-1626,2024-05-28,Ahmedabad,Female,56,Electronics,Tablet,1,24999,10,22499.1,22499.1,14482.34,8016.76,EMI,No,2
ORD-1627,2023-03-08,Kolkata,Female,56,Clothing,Jacket,4,2499,20,1999.2,7996.8,1466.99,2128.84,EMI,No,1
ORD-1628,2024-02-25,Hyderabad,Male,49,Home & Kitchen,Pressure Cooker,1,1899,5,1804.05,1804.05,936.69,867.36,Cash,No,2
ORD-1629,2023-08-27,Hyderabad,Male,57,Clothing,Dress,2,1599,15,1359.15,2718.3,787.01,1144.28,Cash,No,1
ORD-1630,2023-09-28,Ahmedabad,Male,50,Clothing,Jacket,2,2499,25,1874.25,3748.5,1137.7,1473.1,Cash,No,5
ORD-1631,2023-06-25,Bangalore,Male,58,Electronics,Smartphone,1,18999,15,16149.15,16149.15,8758.24,7390.91,UPI,No,5
ORD-1632,2023-03-27,Delhi,Male,46,Clothing,Dress,4,1599,25,1199.25,4797.0,1007.64,766.44,Credit Card,No,5
ORD-1633,2024-05-30,Delhi,Female,34,Sports & Fitness,Running Shoes,1,2999,25,2249.25,2249.25,1654.38,594.87,UPI,No,2
ORD-1634,2023-05-04,Chennai,Female,50,Home & Kitchen,Bed Sheet Set,1,999,20,799.2,799.2,552.08,247.12,UPI,No,1
ORD-1635,2023-06-26,Kolkata,Female,38,Electronics,Smartphone,1,18999,10,17099.1,17099.1,10601.8,6497.3,Cash,No,2
ORD-1636,2023-07-13,Kolkata,Male,59,Home & Kitchen,Water Bottle,1,399,0,399.0,399.0,203.45,195.55,Credit Card,No,5
ORD-1637,2024-05-26,Kolkata,Male,47,Sports & Fitness,Running Shoes,1,2999,5,2849.05,2849.05,1709.37,1139.68,Cash,No,4
ORD-1638,2023-02-21,Delhi,Female,23,Groceries,Rice (5kg),3,349,20,279.2,837.6,173.06,318.42,EMI,No,3
ORD-1639,2024-03-13,Bangalore,Female,36,Electronics,Smartwatch,1,8999,20,7199.2,7199.2,5205.61,1993.59,EMI,No,3
ORD-1640,2024-01-22,Mumbai,Female,62,Groceries,Rice (5kg),4,349,15,296.65,1186.6,169.73,507.68,UPI,No,4
ORD-1641,2024-01-28,Kolkata,Male,35,Sports & Fitness,Dumbbells,1,2199,25,1649.25,1649.25,1106.02,543.23,Cash,No,2
ORD-1642,2023-03-08,Delhi,Female,27,Home & Kitchen,Pressure Cooker,1,1899,5,1804.05,1804.05,1067.55,736.5,Debit Card,No,3
ORD-1643,2023-09-06,Mumbai,Male,35,Home & Kitchen,Bed Sheet Set,1,999,20,799.2,799.2,558.78,240.42,EMI,No,5
ORD-1644,2023-08-22,Hyderabad,Female,48,Sports & Fitness,Yoga Mat,1,799,15,679.15,679.15,381.52,297.63,Debit Card,No,5
ORD-1645,2024-03-31,Delhi,Male,37,Sports & Fitness,Skipping Rope,1,299,0,299.0,299.0,159.96,139.04,Credit Card,No,1
ORD-1646,2023-09-12,Chennai,Female,24,Groceries,Atta (10kg),2,399,25,299.25,598.5,259.24,80.02,Debit Card,No,4
ORD-1647,2023-01-01,Pune,Male,43,Groceries,Cooking Oil,1,189,5,179.55,179.55,119.76,59.79,UPI,No,1
ORD-1648,2023-06-19,Delhi,Male,45,Groceries,Biscuits Pack,4,79,10,71.1,284.4,37.84,133.04,UPI,No,2
ORD-1649,2023-10-24,Delhi,Female,65,Groceries,Rice (5kg),4,349,20,279.2,1116.8,185.11,376.36,Cash,No,1
ORD-1650,2024-06-12,Mumbai,Female,47,Clothing,Dress,1,1599,20,1279.2,1279.2,894.39,384.81,EMI,No,3
ORD-1651,2023-03-23,Delhi,Male,38,Home & Kitchen,Bed Sheet Set,1,999,15,849.15,849.15,552.84,296.31,EMI,No,4
ORD-1652,2024-01-21,Kolkata,Female,37,Groceries,Atta (10kg),2,399,15,339.15,678.3,235.32,207.66,EMI,No,3
ORD-1653,2023-04-03,Mumbai,Male,25,Groceries,Biscuits Pack,3,79,20,63.2,189.6,51.02,36.54,EMI,No,5
ORD-1654,2023-07-04,Kolkata,Male,40,Electronics,Smartwatch,1,8999,10,8099.1,8099.1,4493.01,3606.09,Credit Card,No,1
ORD-1655,2024-03-08,Kolkata,Male,44,Electronics,Laptop,1,54999,20,43999.2,43999.2,30665.43,13333.77,UPI,No,2
ORD-1656,2023-04-13,Mumbai,Female,49,Sports & Fitness,Skipping Rope,1,299,10,269.1,269.1,154.14,114.96,Credit Card,Yes,5
ORD-1657,2023-11-05,Hyderabad,Female,42,Clothing,Dress,3,1599,20,1279.2,3837.6,776.77,1507.29,UPI,No,5
ORD-1658,2024-03-21,Kolkata,Female,28,Home & Kitchen,Curtains,1,1499,15,1274.15,1274.15,689.54,584.61,Credit Card,No,3
ORD-1659,2023-11-19,Pune,Male,54,Home & Kitchen,Bed Sheet Set,1,999,15,849.15,849.15,600.65,248.5,Cash,No,3
ORD-1660,2023-11-23,Chennai,Female,34,Clothing,Jeans,1,1299,20,1039.2,1039.2,695.0,344.2,Cash,No,2
ORD-1661,2023-07-08,Delhi,Female,58,Home & Kitchen,Bed Sheet Set,1,999,25,749.25,749.25,507.33,241.92,UPI,No,3
ORD-1662,2023-08-23,Kolkata,Male,29,Electronics,Smartphone,1,18999,25,14249.25,14249.25,12090.64,2158.61,Credit Card,No,3
ORD-1663,2023-07-05,Ahmedabad,Female,43,Home & Kitchen,Curtains,1,1499,15,1274.15,1274.15,882.6,391.55,Debit Card,No,5
ORD-1664,2023-03-10,Hyderabad,Male,23,Home & Kitchen,Pressure Cooker,1,1899,0,1899.0,1899.0,884.58,1014.42,UPI,No,5
ORD-1665,2023-09-15,Mumbai,Male,52,Sports & Fitness,Skipping Rope,1,299,25,224.25,224.25,157.77,66.48,Credit Card,No,5
ORD-1666,2024-06-12,Bangalore,Male,23,Home & Kitchen,Curtains,1,1499,25,1124.25,1124.25,822.81,301.44,Debit Card,No,3
ORD-1667,2024-03-30,Kolkata,Female,28,Electronics,Headphones,1,2999,15,2549.15,2549.15,1430.47,1118.68,Cash,No,1
ORD-1668,2023-06-18,Ahmedabad,Female,32,Electronics,Laptop,1,54999,20,43999.2,43999.2,27513.01,16486.19,Cash,No,5
ORD-1669,2024-01-31,Bangalore,Female,34,Sports & Fitness,Yoga Mat,1,799,15,679.15,679.15,448.1,231.05,EMI,No,2
ORD-1670,2023-05-07,Hyderabad,Female,35,Sports & Fitness,Dumbbells,1,2199,20,1759.2,1759.2,1132.18,627.02,Credit Card,Yes,4
ORD-1671,2023-09-18,Bangalore,Male,22,Groceries,Biscuits Pack,4,79,10,71.1,284.4,40.9,120.8,Credit Card,No,2
ORD-1672,2023-06-07,Ahmedabad,Male,46,Home & Kitchen,Bed Sheet Set,1,999,20,799.2,799.2,572.38,226.82,Cash,No,4
ORD-1673,2023-07-31,Mumbai,Male,53,Clothing,Dress,2,1599,25,1199.25,2398.5,876.02,646.46,EMI,No,2
ORD-1674,2023-03-16,Mumbai,Male,56,Home & Kitchen,Bed Sheet Set,1,999,25,749.25,749.25,452.07,297.18,Cash,No,1
ORD-1675,2023-09-19,Chennai,Female,64,Groceries,Cooking Oil,4,189,0,189.0,756.0,108.07,323.72,EMI,No,2
ORD-1676,2023-10-01,Hyderabad,Male,20,Sports & Fitness,Dumbbells,1,2199,10,1979.1,1979.1,1362.4,616.7,Credit Card,No,4
ORD-1677,2024-03-27,Delhi,Female,40,Home & Kitchen,Water Bottle,1,399,10,359.1,359.1,220.58,138.52,Debit Card,No,3
ORD-1678,2024-01-04,Chennai,Female,62,Groceries,Biscuits Pack,1,79,15,67.15,67.15,48.6,18.55,Credit Card,No,5
ORD-1679,2023-08-11,Pune,Male,59,Home & Kitchen,Water Bottle,1,399,0,399.0,399.0,180.79,218.21,EMI,No,5
ORD-1680,2024-04-12,Kolkata,Female,55,Sports & Fitness,Skipping Rope,1,299,25,224.25,224.25,149.83,74.42,EMI,No,2
ORD-1681,2023-03-04,Delhi,Female,46,Groceries,Biscuits Pack,2,79,15,67.15,134.3,48.78,36.74,Debit Card,No,2
ORD-1682,2023-02-07,Kolkata,Female,29,Electronics,Tablet,1,24999,20,19999.2,19999.2,14987.9,5011.3,UPI,No,2
ORD-1683,2023-08-20,Chennai,Male,27,Sports & Fitness,Protein Powder,1,1999,5,1899.05,1899.05,1108.03,791.02,Credit Card,No,5
ORD-1684,2024-05-26,Chennai,Male,51,Electronics,Smartwatch,1,8999,5,8549.05,8549.05,5748.02,2801.03,EMI,No,5
ORD-1685,2023-08-06,Mumbai,Male,32,Clothing,Jeans,1,1299,0,1299.0,1299.0,796.6,502.4,Debit Card,No,1
ORD-1686,2023-03-06,Delhi,Male,19,Sports & Fitness,Protein Powder,1,1999,15,1699.15,1699.15,1073.05,626.1,EMI,No,5
ORD-1687,2024-05-07,Hyderabad,Male,41,Home & Kitchen,Pressure Cooker,1,1899,0,1899.0,1899.0,1062.58,836.42,Cash,No,3
ORD-1688,2023-03-05,Delhi,Male,48,Clothing,Shoes,3,1999,10,1799.1,5397.3,1159.37,1919.19,UPI,No,5
ORD-1689,2023-05-22,Pune,Male,20,Clothing,Dress,4,1599,10,1439.1,5756.4,996.61,1769.96,Credit Card,No,1
ORD-1690,2024-04-13,Hyderabad,Female,65,Home & Kitchen,Mixer Grinder,1,3499,0,3499.0,3499.0,1833.52,1665.48,EMI,No,1
ORD-1691,2023-12-06,Kolkata,Female,35,Electronics,Smartphone,1,18999,15,16149.15,16149.15,10194.3,5954.85,Credit Card,No,4
ORD-1692,2024-01-15,Chennai,Female,18,Groceries,Rice (5kg),1,349,25,261.75,261.75,206.19,55.56,Cash,No,1
ORD-1693,2024-02-13,Ahmedabad,Male,51,Sports & Fitness,Skipping Rope,1,299,10,269.1,269.1,180.74,88.36,EMI,Yes,5
ORD-1694,2023-07-19,Bangalore,Female,52,Home & Kitchen,Curtains,1,1499,20,1199.2,1199.2,735.2,464.0,EMI,No,4
ORD-1695,2023-06-13,Chennai,Female,53,Home & Kitchen,Water Bottle,1,399,15,339.15,339.15,242.19,96.96,EMI,No,5
ORD-1696,2023-05-02,Ahmedabad,Male,41,Home & Kitchen,Water Bottle,1,399,25,299.25,299.25,232.25,67.0,Credit Card,No,5
ORD-1697,2024-03-15,Kolkata,Male,62,Clothing,Dress,1,1599,15,1359.15,1359.15,901.63,457.52,EMI,No,1
ORD-1698,2023-03-31,Bangalore,Female,18,Clothing,Jacket,3,2499,25,1874.25,5622.75,1351.74,1567.53,UPI,No,5
ORD-1699,2023-01-06,Ahmedabad,Female,39,Sports & Fitness,Running Shoes,1,2999,5,2849.05,2849.05,1913.81,935.24,EMI,No,1
ORD-1700,2024-04-16,Bangalore,Female,36,Home & Kitchen,Curtains,1,1499,10,1349.1,1349.1,886.23,462.87,Cash,No,1
ORD-1701,2023-04-09,Kolkata,Male,45,Sports & Fitness,Skipping Rope,1,299,5,284.05,284.05,151.31,132.74,UPI,No,2
ORD-1702,2024-05-03,Hyderabad,Female,35,Groceries,Atta (10kg),1,399,20,319.2,319.2,215.4,103.8,Debit Card,No,5
ORD-1703,2023-12-21,Bangalore,Male,54,Groceries,Biscuits Pack,1,79,15,67.15,67.15,40.59,26.56,Debit Card,No,3
ORD-1704,2024-05-23,Mumbai,Male,58,Electronics,Tablet,1,24999,0,24999.0,24999.0,15939.85,9059.15,Cash,No,3
ORD-1705,2024-02-24,Bangalore,Female,48,Groceries,Rice (5kg),2,349,15,296.65,593.3,171.8,249.7,Debit Card,No,5
ORD-1706,2023-12-02,Bangalore,Male,62,Groceries,Rice (5kg),1,349,0,349.0,349.0,190.94,158.06,UPI,No,2
ORD-1707,2023-04-03,Pune,Male,48,Clothing,Jacket,4,2499,0,2499.0,9996.0,1595.16,3615.36,Credit Card,Yes,3
ORD-1708,2023-03-02,Mumbai,Male,47,Electronics,Smartphone,1,18999,20,15199.2,15199.2,9962.32,5236.88,Credit Card,No,1
ORD-1709,2023-11-19,Chennai,Female,21,Clothing,Jacket,1,2499,0,2499.0,2499.0,1496.34,1002.66,EMI,No,1
ORD-1710,2023-02-03,Mumbai,Male,48,Home & Kitchen,Pressure Cooker,1,1899,15,1614.15,1614.15,1080.02,534.13,UPI,No,1
ORD-1711,2024-05-31,Hyderabad,Male,59,Sports & Fitness,Running Shoes,1,2999,20,2399.2,2399.2,1776.23,622.97,Debit Card,No,5
ORD-1712,2024-04-24,Kolkata,Female,26,Home & Kitchen,Water Bottle,1,399,20,319.2,319.2,225.28,93.92,EMI,No,4
ORD-1713,2023-04-29,Bangalore,Female,30,Home & Kitchen,Pressure Cooker,1,1899,20,1519.2,1519.2,1155.74,363.46,UPI,No,1
ORD-1714,2023-08-07,Bangalore,Female,53,Electronics,Smartphone,1,18999,10,17099.1,17099.1,9812.19,7286.91,EMI,No,2
ORD-1715,2023-03-12,Pune,Female,34,Home & Kitchen,Bed Sheet Set,1,999,5,949.05,949.05,643.52,305.53,EMI,No,2
ORD-1716,2023-12-12,Hyderabad,Female,20,Clothing,Jacket,1,2499,20,1999.2,1999.2,1327.28,671.92,Cash,No,5
ORD-1717,2023-08-13,Bangalore,Female,32,Groceries,Biscuits Pack,2,79,20,63.2,126.4,44.2,38.0,Cash,No,3
ORD-1718,2024-02-20,Ahmedabad,Female,35,Clothing,Shoes,3,1999,0,1999.0,5997.0,1033.08,2897.76,Credit Card,No,4
ORD-1719,2023-12-10,Bangalore,Male,56,Groceries,Rice (5kg),4,349,10,314.1,1256.4,168.18,583.68,Credit Card,No,3
ORD-1720,2023-11-29,Hyderabad,Male,60,Electronics,Smartphone,1,18999,15,16149.15,16149.15,10939.41,5209.74,EMI,No,2
ORD-1721,2023-04-13,Kolkata,Male,56,Electronics,Smartphone,1,18999,15,16149.15,16149.15,11509.25,4639.9,Credit Card,No,3
ORD-1722,2024-03-31,Bangalore,Male,43,Home & Kitchen,Pressure Cooker,1,1899,25,1424.25,1424.25,1121.43,302.82,EMI,No,2
ORD-1723,2023-11-19,Delhi,Male,29,Groceries,Rice (5kg),2,349,25,261.75,523.5,226.73,70.04,Cash,No,5
ORD-1724,2024-01-01,Mumbai,Male,38,Electronics,Smartphone,1,18999,5,18049.05,18049.05,11817.12,6231.93,Credit Card,No,2
ORD-1725,2023-12-22,Pune,Male,46,Sports & Fitness,Running Shoes,1,2999,15,2549.15,2549.15,1729.65,819.5,UPI,Yes,4
ORD-1726,2023-04-13,Mumbai,Female,63,Home & Kitchen,Mixer Grinder,1,3499,5,3324.05,3324.05,1899.04,1425.01,EMI,No,1
ORD-1727,2023-08-25,Hyderabad,Male,37,Electronics,Smartphone,1,18999,0,18999.0,18999.0,12283.11,6715.89,Credit Card,No,5
ORD-1728,2023-05-02,Mumbai,Male,45,Electronics,Headphones,1,2999,10,2699.1,2699.1,1425.16,1273.94,Credit Card,No,3
ORD-1729,2023-03-07,Delhi,Male,59,Electronics,Tablet,1,24999,10,22499.1,22499.1,14383.73,8115.37,UPI,No,5
ORD-1730,2023-06-28,Chennai,Female,61,Sports & Fitness,Running Shoes,1,2999,10,2699.1,2699.1,1805.38,893.72,EMI,No,1
ORD-1731,2024-01-06,Ahmedabad,Male,59,Home & Kitchen,Pressure Cooker,1,1899,0,1899.0,1899.0,877.08,1021.92,Credit Card,No,4
ORD-1732,2023-03-02,Ahmedabad,Female,20,Electronics,Tablet,1,24999,15,21249.15,21249.15,14835.05,6414.1,Debit Card,No,5
ORD-1733,2023-10-01,Hyderabad,Female,55,Clothing,Jeans,2,1299,25,974.25,1948.5,732.71,483.08,UPI,No,1
ORD-1734,2023-01-03,Bangalore,Female,38,Home & Kitchen,Curtains,1,1499,15,1274.15,1274.15,787.57,486.58,Credit Card,No,3
ORD-1735,2023-01-12,Pune,Female,26,Electronics,Smartwatch,1,8999,5,8549.05,8549.05,5823.02,2726.03,Cash,No,1
ORD-1736,2024-04-15,Bangalore,Male,32,Sports & Fitness,Running Shoes,1,2999,5,2849.05,2849.05,1698.7,1150.35,Debit Card,No,1
ORD-1737,2023-03-13,Kolkata,Male,40,Electronics,Smartphone,1,18999,20,15199.2,15199.2,8700.91,6498.29,Debit Card,Yes,5
ORD-1738,2024-02-28,Delhi,Male,42,Sports & Fitness,Running Shoes,1,2999,5,2849.05,2849.05,1357.91,1491.14,Cash,No,2
ORD-1739,2023-01-07,Ahmedabad,Female,54,Groceries,Biscuits Pack,3,79,15,67.15,201.45,47.47,59.04,Debit Card,No,5
ORD-1740,2024-03-09,Chennai,Female,60,Groceries,Cooking Oil,1,189,15,160.65,160.65,93.78,66.87,Debit Card,No,2
ORD-1741,2024-04-13,Ahmedabad,Female,19,Groceries,Biscuits Pack,2,79,20,63.2,126.4,36.78,52.84,EMI,No,4
ORD-1742,2023-04-28,Mumbai,Male,30,Electronics,Headphones,1,2999,5,2849.05,2849.05,1484.89,1364.16,Cash,No,2
ORD-1743,2023-04-12,Delhi,Female,64,Sports & Fitness,Dumbbells,1,2199,0,2199.0,2199.0,1144.61,1054.39,Credit Card,No,5
ORD-1744,2023-04-07,Chennai,Female,39,Home & Kitchen,Pressure Cooker,1,1899,0,1899.0,1899.0,1045.64,853.36,EMI,No,5
ORD-1745,2023-11-17,Bangalore,Male,42,Sports & Fitness,Protein Powder,1,1999,25,1499.25,1499.25,1288.48,210.77,EMI,No,1
ORD-1746,2023-12-14,Kolkata,Male,50,Clothing,Jacket,2,2499,20,1999.2,3998.4,1158.12,1682.16,EMI,No,2
ORD-1747,2024-06-05,Bangalore,Male,64,Groceries,Biscuits Pack,1,79,10,71.1,71.1,45.94,25.16,Cash,No,1
ORD-1748,2023-07-01,Bangalore,Male,26,Sports & Fitness,Dumbbells,1,2199,20,1759.2,1759.2,1119.09,640.11,Debit Card,Yes,1
ORD-1749,2023-10-12,Delhi,Male,44,Groceries,Tea Powder,2,299,10,269.1,538.2,178.27,181.66,UPI,No,2
ORD-1750,2023-01-11,Mumbai,Female,63,Clothing,T-Shirt,1,599,5,569.05,569.05,345.51,223.54,Debit Card,No,2
ORD-1751,2023-05-14,Bangalore,Male,33,Home & Kitchen,Curtains,1,1499,10,1349.1,1349.1,929.53,419.57,UPI,No,1
ORD-1752,2023-05-14,Mumbai,Female,34,Sports & Fitness,Yoga Mat,1,799,15,679.15,679.15,413.16,265.99,Cash,No,1
ORD-1753,2023-12-19,Pune,Female,55,Sports & Fitness,Dumbbells,1,2199,15,1869.15,1869.15,1190.5,678.65,Credit Card,No,2
ORD-1754,2023-05-16,Delhi,Female,61,Electronics,Smartphone,1,18999,25,14249.25,14249.25,9164.73,5084.52,Credit Card,No,4
ORD-1755,2023-02-11,Mumbai,Female,33,Clothing,Shoes,2,1999,25,1499.25,2998.5,947.26,1103.98,EMI,No,1
ORD-1756,2024-02-01,Chennai,Male,44,Home & Kitchen,Mixer Grinder,1,3499,5,3324.05,3324.05,1971.68,1352.37,Cash,Yes,1
ORD-1757,2024-01-11,Kolkata,Female,47,Home & Kitchen,Water Bottle,1,399,10,359.1,359.1,256.86,102.24,Credit Card,No,4
ORD-1758,2023-06-06,Pune,Female,21,Electronics,Tablet,1,24999,20,19999.2,19999.2,15270.3,4728.9,UPI,No,3
ORD-1759,2023-11-04,Chennai,Female,56,Electronics,Smartwatch,1,8999,15,7649.15,7649.15,4754.2,2894.95,Debit Card,No,5
ORD-1760,2024-03-02,Chennai,Male,28,Groceries,Rice (5kg),4,349,10,314.1,1256.4,168.73,581.48,Cash,No,1
ORD-1761,2023-04-01,Bangalore,Female,59,Groceries,Cooking Oil,2,189,10,170.1,340.2,114.75,110.7,EMI,No,3
ORD-1762,2023-06-04,Mumbai,Female,56,Electronics,Tablet,1,24999,20,19999.2,19999.2,14430.58,5568.62,EMI,No,5
ORD-1763,2024-02-22,Delhi,Female,34,Clothing,Jeans,3,1299,25,974.25,2922.75,820.3,461.85,Debit Card,No,3
ORD-1764,2023-09-03,Mumbai,Female,52,Clothing,Dress,2,1599,15,1359.15,2718.3,1003.84,710.62,Debit Card,No,3
ORD-1765,2023-07-27,Pune,Female,43,Electronics,Laptop,1,54999,0,54999.0,54999.0,25615.08,29383.92,Credit Card,No,3
ORD-1766,2024-01-14,Hyderabad,Female,39,Home & Kitchen,Curtains,1,1499,25,1124.25,1124.25,843.55,280.7,Cash,No,3
ORD-1767,2023-12-10,Ahmedabad,Female,43,Clothing,Dress,4,1599,5,1519.05,6076.2,838.11,2723.76,Cash,No,5
ORD-1768,2024-05-29,Hyderabad,Male,23,Home & Kitchen,Pressure Cooker,1,1899,15,1614.15,1614.15,933.78,680.37,Debit Card,No,3
ORD-1769,2023-01-23,Hyderabad,Male,39,Sports & Fitness,Yoga Mat,1,799,20,639.2,639.2,412.61,226.59,Debit Card,No,5
ORD-1770,2023-05-27,Ahmedabad,Male,25,Groceries,Biscuits Pack,4,79,20,63.2,252.8,41.82,85.52,Debit Card,Yes,3
ORD-1771,2023-05-20,Kolkata,Male,36,Clothing,Dress,1,1599,25,1199.25,1199.25,804.52,394.73,Credit Card,No,3
ORD-1772,2023-07-20,Pune,Female,31,Clothing,Jeans,1,1299,15,1104.15,1104.15,662.75,441.4,Credit Card,No,4
ORD-1773,2023-08-14,Mumbai,Male,52,Home & Kitchen,Mixer Grinder,1,3499,0,3499.0,3499.0,2247.09,1251.91,Credit Card,No,5
ORD-1774,2023-12-31,Ahmedabad,Male,53,Clothing,Jeans,1,1299,0,1299.0,1299.0,680.25,618.75,UPI,No,2
ORD-1775,2024-01-07,Ahmedabad,Male,25,Groceries,Cooking Oil,4,189,15,160.65,642.6,94.87,263.12,Cash,No,2
ORD-1776,2023-01-26,Bangalore,Male,46,Sports & Fitness,Protein Powder,1,1999,10,1799.1,1799.1,1249.5,549.6,Cash,No,5
ORD-1777,2024-03-16,Ahmedabad,Male,25,Home & Kitchen,Bed Sheet Set,1,999,15,849.15,849.15,487.17,361.98,UPI,No,1
ORD-1778,2024-01-01,Pune,Female,59,Clothing,Jacket,1,2499,20,1999.2,1999.2,1136.84,862.36,EMI,No,1
ORD-1779,2023-02-07,Bangalore,Male,22,Electronics,Laptop,1,54999,15,46749.15,46749.15,34169.06,12580.09,UPI,No,4
ORD-1780,2023-07-19,Chennai,Male,31,Electronics,Smartwatch,1,8999,0,8999.0,8999.0,5137.02,3861.98,Cash,No,1
ORD-1781,2024-05-21,Pune,Female,63,Clothing,T-Shirt,1,599,5,569.05,569.05,293.28,275.77,Debit Card,No,4
ORD-1782,2023-06-30,Ahmedabad,Male,40,Electronics,Tablet,1,24999,25,18749.25,18749.25,12181.95,6567.3,Debit Card,No,5
ORD-1783,2023-12-27,Ahmedabad,Male,62,Clothing,Jeans,2,1299,5,1234.05,2468.1,623.72,1220.66,EMI,No,5
ORD-1784,2023-06-28,Chennai,Female,32,Electronics,Headphones,1,2999,10,2699.1,2699.1,1861.1,838.0,Debit Card,No,4
ORD-1785,2023-03-31,Delhi,Male,53,Sports & Fitness,Running Shoes,1,2999,0,2999.0,2999.0,1631.18,1367.82,Cash,Yes,2
ORD-1786,2024-02-03,Bangalore,Male,42,Sports & Fitness,Protein Powder,1,1999,0,1999.0,1999.0,1205.19,793.81,Credit Card,No,4
ORD-1787,2023-05-08,Chennai,Male,63,Clothing,Jacket,3,2499,0,2499.0,7497.0,1446.82,3156.54,Credit Card,No,4
ORD-1788,2024-03-21,Pune,Female,34,Groceries,Atta (10kg),4,399,10,359.1,1436.4,217.73,565.48,Debit Card,No,2
ORD-1789,2023-06-06,Hyderabad,Female,27,Clothing,Jeans,1,1299,25,974.25,974.25,749.46,224.79,UPI,No,5
ORD-1790,2023-06-07,Kolkata,Male,57,Clothing,Jeans,3,1299,25,974.25,2922.75,689.78,853.41,UPI,No,1
ORD-1791,2024-02-03,Delhi,Male,35,Clothing,Jacket,1,2499,5,2374.05,2374.05,1551.92,822.13,Cash,No,4
ORD-1792,2023-10-10,Pune,Male,53,Electronics,Laptop,1,54999,0,54999.0,54999.0,30090.69,24908.31,UPI,No,5
ORD-1793,2023-11-28,Kolkata,Male,43,Clothing,T-Shirt,1,599,25,449.25,449.25,295.88,153.37,Credit Card,No,3
ORD-1794,2024-02-13,Kolkata,Male,38,Clothing,Shoes,4,1999,25,1499.25,5997.0,1162.16,1348.36,UPI,No,1
ORD-1795,2024-01-06,Delhi,Female,23,Groceries,Biscuits Pack,1,79,20,63.2,63.2,48.18,15.02,Cash,No,3
ORD-1796,2023-03-15,Kolkata,Female,19,Electronics,Tablet,1,24999,25,18749.25,18749.25,12960.59,5788.66,EMI,No,1
ORD-1797,2024-01-20,Ahmedabad,Female,29,Sports & Fitness,Dumbbells,1,2199,20,1759.2,1759.2,1130.74,628.46,Credit Card,No,1
ORD-1798,2023-05-21,Bangalore,Male,22,Electronics,Headphones,1,2999,5,2849.05,2849.05,1610.22,1238.83,EMI,No,4
ORD-1799,2023-04-09,Chennai,Male,63,Clothing,T-Shirt,3,599,5,569.05,1707.15,278.33,872.16,Cash,No,5
ORD-1800,2024-02-18,Kolkata,Male,54,Home & Kitchen,Water Bottle,1,399,20,319.2,319.2,231.2,88.0,EMI,No,1
ORD-1801,2023-06-18,Bangalore,Male,46,Home & Kitchen,Curtains,1,1499,15,1274.15,1274.15,743.9,530.25,Cash,No,1
ORD-1802,2024-04-16,Kolkata,Female,33,Groceries,Atta (10kg),4,399,20,319.2,1276.8,231.32,351.52,Debit Card,No,5
ORD-1803,2023-11-13,Kolkata,Female,37,Clothing,T-Shirt,1,599,20,479.2,479.2,345.02,134.18,Debit Card,Yes,5
ORD-1804,2023-12-09,Delhi,Male,40,Clothing,Jeans,2,1299,0,1299.0,2598.0,596.42,1405.16,Credit Card,No,4
ORD-1805,2024-01-23,Hyderabad,Female,18,Groceries,Biscuits Pack,4,79,20,63.2,252.8,48.18,60.08,Credit Card,Yes,4
ORD-1806,2024-04-20,Kolkata,Female,43,Home & Kitchen,Bed Sheet Set,1,999,10,899.1,899.1,558.39,340.71,UPI,No,5
ORD-1807,2024-04-05,Pune,Female,62,Groceries,Rice (5kg),2,349,15,296.65,593.3,183.97,225.36,Credit Card,No,3
ORD-1808,2023-02-03,Chennai,Female,30,Electronics,Smartwatch,1,8999,5,8549.05,8549.05,4684.89,3864.16,Credit Card,No,4
ORD-1809,2023-10-06,Ahmedabad,Female,23,Sports & Fitness,Protein Powder,1,1999,20,1599.2,1599.2,974.1,625.1,Credit Card,No,5
ORD-1810,2024-01-02,Chennai,Male,62,Clothing,Shoes,4,1999,25,1499.25,5997.0,988.6,2042.6,UPI,No,1
ORD-1811,2023-07-03,Ahmedabad,Female,61,Groceries,Biscuits Pack,2,79,0,79.0,158.0,43.91,70.18,Debit Card,No,2
ORD-1812,2023-03-22,Pune,Female,44,Groceries,Atta (10kg),3,399,10,359.1,1077.3,228.37,392.19,Cash,No,3
ORD-1813,2023-09-26,Hyderabad,Male,43,Groceries,Cooking Oil,3,189,10,170.1,510.3,114.74,166.08,EMI,No,5
ORD-1814,2023-09-08,Hyderabad,Female,55,Sports & Fitness,Dumbbells,1,2199,25,1649.25,1649.25,1405.05,244.2,Cash,No,5
ORD-1815,2023-10-04,Bangalore,Male,32,Home & Kitchen,Bed Sheet Set,1,999,0,999.0,999.0,554.61,444.39,Credit Card,No,5
ORD-1816,2024-03-06,Chennai,Female,24,Clothing,Shoes,4,1999,25,1499.25,5997.0,1188.82,1241.72,Debit Card,No,1
ORD-1817,2024-04-01,Ahmedabad,Male,48,Clothing,T-Shirt,2,599,25,449.25,898.5,283.34,331.82,UPI,No,5
ORD-1818,2023-12-23,Ahmedabad,Male,26,Clothing,Dress,4,1599,25,1199.25,4797.0,838.05,1444.8,Credit Card,No,1
ORD-1819,2023-11-06,Delhi,Male,64,Groceries,Atta (10kg),3,399,15,339.15,1017.45,209.99,387.48,EMI,No,1
ORD-1820,2023-01-29,Chennai,Female,39,Clothing,Dress,2,1599,0,1599.0,3198.0,968.61,1260.78,Cash,No,5
ORD-1821,2024-02-06,Ahmedabad,Male,53,Clothing,Dress,3,1599,20,1279.2,3837.6,920.39,1076.43,Cash,No,1
ORD-1822,2023-08-12,Hyderabad,Male,34,Electronics,Headphones,1,2999,25,2249.25,2249.25,1565.78,683.47,UPI,No,2
ORD-1823,2023-03-28,Mumbai,Male,36,Electronics,Laptop,1,54999,20,43999.2,43999.2,30807.47,13191.73,Debit Card,No,4
ORD-1824,2023-06-11,Hyderabad,Male,34,Clothing,T-Shirt,2,599,5,569.05,1138.1,306.69,524.72,Cash,No,1
ORD-1825,2023-01-20,Kolkata,Female,52,Groceries,Cooking Oil,4,189,25,141.75,567.0,112.05,118.8,Credit Card,Yes,3
ORD-1826,2023-05-25,Mumbai,Male,59,Sports & Fitness,Running Shoes,1,2999,15,2549.15,2549.15,1801.36,747.79,Credit Card,No,4
ORD-1827,2024-03-24,Mumbai,Female,31,Groceries,Rice (5kg),3,349,15,296.65,889.95,170.19,379.38,UPI,Yes,2
ORD-1828,2024-01-11,Hyderabad,Female,43,Electronics,Laptop,1,54999,5,52249.05,52249.05,33715.12,18533.93,UPI,No,3
ORD-1829,2023-06-13,Chennai,Male,26,Clothing,Jeans,2,1299,5,1234.05,2468.1,746.56,974.98,Credit Card,No,4
ORD-1830,2023-04-21,Chennai,Female,44,Clothing,Jeans,2,1299,0,1299.0,2598.0,590.26,1417.48,Cash,No,1
ORD-1831,2024-03-14,Kolkata,Male,48,Home & Kitchen,Bed Sheet Set,1,999,0,999.0,999.0,536.97,462.03,EMI,No,3
ORD-1832,2023-09-13,Chennai,Male,23,Electronics,Laptop,1,54999,10,49499.1,49499.1,31808.73,17690.37,Debit Card,No,5
ORD-1833,2023-09-22,Hyderabad,Male,20,Home & Kitchen,Mixer Grinder,1,3499,5,3324.05,3324.05,1594.87,1729.18,Debit Card,No,4
ORD-1834,2023-03-11,Bangalore,Male,60,Sports & Fitness,Yoga Mat,1,799,0,799.0,799.0,432.13,366.87,Debit Card,No,3
ORD-1835,2023-03-01,Ahmedabad,Male,48,Home & Kitchen,Curtains,1,1499,10,1349.1,1349.1,872.58,476.52,Cash,No,3
ORD-1836,2024-02-28,Bangalore,Female,21,Electronics,Tablet,1,24999,20,19999.2,19999.2,15927.94,4071.26,Cash,No,5
ORD-1837,2023-08-21,Ahmedabad,Male,39,Sports & Fitness,Protein Powder,1,1999,5,1899.05,1899.05,1214.84,684.21,EMI,No,1
ORD-1838,2023-07-04,Pune,Female,43,Clothing,Dress,1,1599,20,1279.2,1279.2,976.24,302.96,EMI,No,3
ORD-1839,2024-06-03,Ahmedabad,Male,29,Clothing,Jeans,2,1299,15,1104.15,2208.3,747.5,713.3,Credit Card,No,1
ORD-1840,2023-02-18,Mumbai,Male,62,Electronics,Tablet,1,24999,15,21249.15,21249.15,16079.41,5169.74,UPI,No,5
ORD-1841,2024-03-01,Delhi,Female,21,Sports & Fitness,Yoga Mat,1,799,25,599.25,599.25,505.98,93.27,Cash,No,1
ORD-1842,2023-08-19,Hyderabad,Female,29,Sports & Fitness,Dumbbells,1,2199,10,1979.1,1979.1,1035.1,944.0,EMI,No,1
ORD-1843,2024-05-20,Ahmedabad,Female,65,Electronics,Laptop,1,54999,5,52249.05,52249.05,26312.68,25936.37,UPI,No,5
ORD-1844,2024-04-10,Bangalore,Male,25,Clothing,Jeans,3,1299,0,1299.0,3897.0,807.24,1475.28,Cash,No,3
ORD-1845,2023-09-24,Mumbai,Male,30,Sports & Fitness,Protein Powder,1,1999,5,1899.05,1899.05,1262.88,636.17,UPI,No,4
ORD-1846,2023-01-19,Pune,Male,35,Groceries,Atta (10kg),4,399,20,319.2,1276.8,220.13,396.28,Cash,Yes,2
ORD-1847,2023-01-11,Pune,Male,57,Groceries,Atta (10kg),4,399,25,299.25,1197.0,240.67,234.32,UPI,No,4
ORD-1848,2024-05-23,Chennai,Male,56,Groceries,Atta (10kg),2,399,25,299.25,598.5,211.25,176.0,UPI,No,3
ORD-1849,2023-07-09,Bangalore,Male,40,Home & Kitchen,Curtains,1,1499,15,1274.15,1274.15,770.16,503.99,EMI,No,4
ORD-1850,2023-03-24,Bangalore,Male,59,Home & Kitchen,Bed Sheet Set,1,999,20,799.2,799.2,466.28,332.92,UPI,No,2
ORD-1851,2023-06-04,Kolkata,Male,20,Sports & Fitness,Running Shoes,1,2999,0,2999.0,2999.0,1392.34,1606.66,Debit Card,No,3
ORD-1852,2024-02-16,Bangalore,Female,29,Clothing,Jacket,4,2499,5,2374.05,9496.2,1458.6,3661.8,EMI,No,2
ORD-1853,2023-02-13,Hyderabad,Male,59,Home & Kitchen,Curtains,1,1499,0,1499.0,1499.0,775.05,723.95,EMI,No,2
ORD-1854,2023-07-29,Mumbai,Male,35,Electronics,Laptop,1,54999,25,41249.25,41249.25,30670.85,10578.4,EMI,No,2
ORD-1855,2023-06-10,Delhi,Male,22,Electronics,Smartphone,1,18999,5,18049.05,18049.05,11781.29,6267.76,UPI,No,5
ORD-1856,2023-04-26,Ahmedabad,Female,37,Groceries,Atta (10kg),4,399,5,379.05,1516.2,222.92,624.52,Credit Card,No,5
ORD-1857,2023-04-23,Mumbai,Female,37,Sports & Fitness,Running Shoes,1,2999,10,2699.1,2699.1,1683.2,1015.9,UPI,No,1
ORD-1858,2023-02-13,Ahmedabad,Female,58,Home & Kitchen,Mixer Grinder,1,3499,20,2799.2,2799.2,2224.01,575.19,EMI,No,3
ORD-1859,2024-06-17,Kolkata,Female,65,Groceries,Tea Powder,4,299,25,224.25,897.0,151.4,291.4,Credit Card,No,2
ORD-1860,2023-08-11,Kolkata,Male,29,Groceries,Cooking Oil,2,189,0,189.0,378.0,112.07,153.86,Credit Card,No,1
ORD-1861,2023-11-09,Hyderabad,Male,25,Electronics,Smartphone,1,18999,10,17099.1,17099.1,9169.28,7929.82,UPI,No,5
ORD-1862,2023-04-25,Kolkata,Female,54,Electronics,Smartwatch,1,8999,20,7199.2,7199.2,4853.19,2346.01,EMI,No,2
ORD-1863,2024-06-10,Kolkata,Female,44,Clothing,T-Shirt,1,599,25,449.25,449.25,276.38,172.87,Credit Card,No,2
ORD-1864,2023-01-03,Bangalore,Female,30,Electronics,Smartphone,1,18999,10,17099.1,17099.1,12107.1,4992.0,EMI,No,1
ORD-1865,2023-01-04,Chennai,Male,40,Groceries,Rice (5kg),2,349,10,314.1,628.2,175.91,276.38,EMI,No,4
ORD-1866,2023-06-25,Kolkata,Female,28,Sports & Fitness,Skipping Rope,1,299,0,299.0,299.0,138.12,160.88,Cash,No,2
ORD-1867,2023-08-21,Chennai,Male,48,Clothing,Shoes,4,1999,5,1899.05,7596.2,1168.69,2921.44,Cash,No,1
ORD-1868,2024-06-01,Ahmedabad,Male,33,Groceries,Rice (5kg),4,349,25,261.75,1047.0,169.41,369.36,Cash,No,1
ORD-1869,2023-01-01,Bangalore,Male,32,Electronics,Laptop,1,54999,5,52249.05,52249.05,32051.48,20197.57,EMI,No,5
ORD-1870,2024-06-04,Delhi,Female,38,Clothing,Dress,4,1599,5,1519.05,6076.2,955.3,2255.0,Credit Card,No,4
ORD-1871,2024-05-19,Pune,Male,18,Home & Kitchen,Pressure Cooker,1,1899,25,1424.25,1424.25,871.05,553.2,EMI,No,3
ORD-1872,2023-09-11,Ahmedabad,Female,25,Electronics,Tablet,1,24999,5,23749.05,23749.05,13584.9,10164.15,Cash,No,1
ORD-1873,2023-12-27,Chennai,Female,40,Sports & Fitness,Protein Powder,1,1999,20,1599.2,1599.2,1240.67,358.53,Cash,No,1
ORD-1874,2023-06-04,Kolkata,Female,28,Home & Kitchen,Curtains,1,1499,10,1349.1,1349.1,883.19,465.91,EMI,No,5
ORD-1875,2023-04-07,Bangalore,Female,38,Clothing,Dress,2,1599,15,1359.15,2718.3,818.06,1082.18,Debit Card,No,4
ORD-1876,2023-01-10,Mumbai,Female,35,Home & Kitchen,Bed Sheet Set,1,999,5,949.05,949.05,565.3,383.75,Cash,No,5
ORD-1877,2024-02-26,Ahmedabad,Female,49,Home & Kitchen,Water Bottle,1,399,10,359.1,359.1,184.57,174.53,Credit Card,No,5
ORD-1878,2024-04-13,Hyderabad,Female,35,Groceries,Tea Powder,3,299,10,269.1,807.3,175.55,280.65,Credit Card,No,2
ORD-1879,2024-05-31,Ahmedabad,Female,31,Groceries,Rice (5kg),4,349,15,296.65,1186.6,173.98,490.68,Cash,No,5
ORD-1880,2024-06-30,Mumbai,Female,36,Electronics,Smartwatch,1,8999,10,8099.1,8099.1,5446.93,2652.17,UPI,Yes,5
ORD-1881,2023-06-20,Bangalore,Male,20,Sports & Fitness,Protein Powder,1,1999,0,1999.0,1999.0,1030.15,968.85,Debit Card,No,4
ORD-1882,2023-02-10,Mumbai,Male,52,Home & Kitchen,Curtains,1,1499,10,1349.1,1349.1,840.3,508.8,Debit Card,No,3
ORD-1883,2024-01-03,Chennai,Male,39,Sports & Fitness,Yoga Mat,1,799,5,759.05,759.05,359.64,399.41,Cash,No,5
ORD-1884,2023-08-31,Delhi,Female,44,Sports & Fitness,Skipping Rope,1,299,25,224.25,224.25,162.88,61.37,Debit Card,Yes,4
ORD-1885,2024-01-15,Pune,Female,61,Electronics,Smartphone,1,18999,0,18999.0,18999.0,9358.35,9640.65,Cash,No,5
ORD-1886,2023-12-31,Hyderabad,Male,46,Clothing,T-Shirt,4,599,10,539.1,2156.4,304.63,937.88,EMI,No,3
ORD-1887,2024-03-18,Ahmedabad,Male,59,Home & Kitchen,Water Bottle,1,399,0,399.0,399.0,219.66,179.34,Credit Card,No,2
ORD-1888,2024-02-29,Chennai,Female,41,Electronics,Smartphone,1,18999,0,18999.0,18999.0,10947.31,8051.69,Credit Card,Yes,3
ORD-1889,2023-10-30,Hyderabad,Female,45,Groceries,Biscuits Pack,1,79,5,75.05,75.05,41.77,33.28,EMI,No,4
ORD-1890,2024-01-19,Bangalore,Male,38,Clothing,Dress,4,1599,0,1599.0,6396.0,764.89,3336.44,UPI,No,4
ORD-1891,2024-05-04,Bangalore,Male,56,Clothing,Dress,2,1599,15,1359.15,2718.3,778.47,1161.36,Credit Card,No,2
ORD-1892,2023-10-29,Ahmedabad,Female,37,Home & Kitchen,Pressure Cooker,1,1899,10,1709.1,1709.1,1044.03,665.07,EMI,No,3
ORD-1893,2024-01-17,Bangalore,Male,32,Sports & Fitness,Dumbbells,1,2199,20,1759.2,1759.2,1181.77,577.43,EMI,No,1
ORD-1894,2024-05-15,Pune,Male,24,Electronics,Laptop,1,54999,10,49499.1,49499.1,28412.67,21086.43,Debit Card,No,5
ORD-1895,2023-02-27,Bangalore,Male,22,Electronics,Laptop,1,54999,15,46749.15,46749.15,26154.51,20594.64,Cash,No,2
ORD-1896,2024-04-19,Chennai,Female,53,Home & Kitchen,Mixer Grinder,1,3499,15,2974.15,2974.15,2115.08,859.07,UPI,No,3
ORD-1897,2023-11-29,Pune,Male,63,Clothing,Jeans,3,1299,20,1039.2,3117.6,628.8,1231.2,UPI,No,1
ORD-1898,2024-05-29,Mumbai,Female,21,Groceries,Tea Powder,1,299,10,269.1,269.1,161.38,107.72,EMI,No,1
ORD-1899,2024-01-07,Hyderabad,Female,48,Groceries,Atta (10kg),3,399,0,399.0,1197.0,215.32,551.04,Debit Card,No,2
ORD-1900,2024-01-01,Ahmedabad,Male,40,Clothing,Dress,3,1599,15,1359.15,4077.45,755.41,1811.22,EMI,No,5
ORD-1901,2024-04-15,Chennai,Female,50,Clothing,Dress,2,1599,10,1439.1,2878.2,731.27,1415.66,EMI,Yes,2
ORD-1902,2023-05-08,Delhi,Male,33,Sports & Fitness,Dumbbells,1,2199,15,1869.15,1869.15,1026.12,843.03,EMI,No,2
ORD-1903,2024-03-13,Bangalore,Male,40,Electronics,Tablet,1,24999,15,21249.15,21249.15,13779.59,7469.56,Debit Card,No,4
ORD-1904,2023-07-21,Pune,Male,38,Electronics,Headphones,1,2999,20,2399.2,2399.2,1610.34,788.86,Debit Card,No,3
ORD-1905,2024-02-23,Mumbai,Male,50,Groceries,Cooking Oil,2,189,10,170.1,340.2,103.29,133.62,EMI,No,3
ORD-1906,2024-03-11,Kolkata,Female,23,Home & Kitchen,Mixer Grinder,1,3499,10,3149.1,3149.1,1769.95,1379.15,Cash,No,4
ORD-1907,2023-06-16,Hyderabad,Male,31,Sports & Fitness,Protein Powder,1,1999,20,1599.2,1599.2,1272.22,326.98,Cash,No,5
ORD-1908,2023-09-21,Pune,Male,57,Home & Kitchen,Curtains,1,1499,10,1349.1,1349.1,965.86,383.24,EMI,No,1
ORD-1909,2023-02-07,Pune,Female,32,Electronics,Smartphone,1,18999,20,15199.2,15199.2,10812.62,4386.58,EMI,Yes,2
ORD-1910,2023-12-15,Kolkata,Female,36,Clothing,T-Shirt,1,599,25,449.25,449.25,334.28,114.97,Debit Card,No,4
ORD-1911,2023-10-11,Ahmedabad,Female,46,Sports & Fitness,Skipping Rope,1,299,10,269.1,269.1,171.58,97.52,Debit Card,No,3
ORD-1912,2024-05-17,Delhi,Male,29,Groceries,Atta (10kg),2,399,10,359.1,718.2,255.0,208.2,Debit Card,No,5
ORD-1913,2024-04-18,Delhi,Male,37,Sports & Fitness,Skipping Rope,1,299,25,224.25,224.25,188.2,36.05,EMI,No,5
ORD-1914,2024-04-07,Hyderabad,Female,39,Electronics,Smartwatch,1,8999,0,8999.0,8999.0,5716.58,3282.42,Credit Card,No,2
ORD-1915,2024-03-11,Delhi,Male,29,Home & Kitchen,Mixer Grinder,1,3499,20,2799.2,2799.2,2270.79,528.41,Debit Card,No,2
ORD-1916,2024-06-24,Delhi,Male,54,Sports & Fitness,Running Shoes,1,2999,15,2549.15,2549.15,1858.73,690.42,Debit Card,No,4
ORD-1917,2023-03-23,Mumbai,Male,24,Groceries,Biscuits Pack,1,79,20,63.2,63.2,49.57,13.63,Cash,No,1
ORD-1918,2024-01-15,Chennai,Male,41,Groceries,Cooking Oil,4,189,20,151.2,604.8,120.0,124.8,Credit Card,No,3
ORD-1919,2024-05-31,Mumbai,Female,30,Sports & Fitness,Yoga Mat,1,799,25,599.25,599.25,433.81,165.44,Debit Card,No,1
ORD-1920,2023-05-05,Delhi,Male,33,Electronics,Tablet,1,24999,5,23749.05,23749.05,15185.72,8563.33,EMI,No,5
ORD-1921,2024-04-30,Chennai,Female,20,Groceries,Cooking Oil,3,189,25,141.75,425.25,98.26,130.47,EMI,Yes,5
ORD-1922,2023-12-02,Mumbai,Female,38,Sports & Fitness,Yoga Mat,1,799,20,639.2,639.2,474.16,165.04,Credit Card,No,3
ORD-1923,2023-08-06,Pune,Female,31,Home & Kitchen,Mixer Grinder,1,3499,15,2974.15,2974.15,1623.31,1350.84,Cash,No,2
ORD-1924,2024-03-26,Kolkata,Male,31,Electronics,Laptop,1,54999,25,41249.25,41249.25,28584.95,12664.3,UPI,No,5
ORD-1925,2023-03-03,Kolkata,Male,41,Electronics,Headphones,1,2999,20,2399.2,2399.2,1542.54,856.66,UPI,No,2
ORD-1926,2023-03-30,Bangalore,Female,40,Groceries,Tea Powder,2,299,15,254.15,508.3,169.52,169.26,Credit Card,No,3
ORD-1927,2023-09-10,Chennai,Female,49,Home & Kitchen,Water Bottle,1,399,0,399.0,399.0,232.22,166.78,Debit Card,No,2
ORD-1928,2024-03-07,Chennai,Female,29,Home & Kitchen,Curtains,1,1499,0,1499.0,1499.0,777.42,721.58,EMI,No,3
ORD-1929,2023-09-20,Delhi,Female,38,Electronics,Smartwatch,1,8999,0,8999.0,8999.0,4112.47,4886.53,Debit Card,No,3
ORD-1930,2024-02-24,Mumbai,Male,49,Groceries,Rice (5kg),1,349,10,314.1,314.1,159.67,154.43,Debit Card,Yes,2
ORD-1931,2024-05-13,Delhi,Female,58,Home & Kitchen,Mixer Grinder,1,3499,15,2974.15,2974.15,1668.55,1305.6,UPI,No,4
ORD-1932,2023-04-29,Chennai,Male,54,Sports & Fitness,Skipping Rope,1,299,5,284.05,284.05,169.95,114.1,Cash,No,1
ORD-1933,2024-03-04,Mumbai,Male,29,Home & Kitchen,Curtains,1,1499,10,1349.1,1349.1,882.96,466.14,EMI,No,3
ORD-1934,2024-06-05,Pune,Male,63,Home & Kitchen,Bed Sheet Set,1,999,10,899.1,899.1,600.28,298.82,Debit Card,No,3
ORD-1935,2024-04-09,Chennai,Male,59,Clothing,Jacket,4,2499,0,2499.0,9996.0,1257.44,4966.24,Cash,No,5
ORD-1936,2023-05-03,Mumbai,Male,37,Electronics,Smartwatch,1,8999,10,8099.1,8099.1,5445.58,2653.52,Debit Card,No,5
ORD-1937,2023-03-08,Ahmedabad,Female,50,Sports & Fitness,Protein Powder,1,1999,5,1899.05,1899.05,1118.79,780.26,Debit Card,No,2
ORD-1938,2024-02-19,Delhi,Male,63,Groceries,Tea Powder,1,299,15,254.15,254.15,184.15,70.0,Credit Card,No,5
ORD-1939,2023-04-26,Bangalore,Male,43,Groceries,Cooking Oil,4,189,20,151.2,604.8,121.69,118.04,Debit Card,No,2
ORD-1940,2023-02-10,Chennai,Male,57,Groceries,Rice (5kg),2,349,25,261.75,523.5,217.24,89.02,Credit Card,No,3
ORD-1941,2024-04-06,Hyderabad,Male,19,Home & Kitchen,Mixer Grinder,1,3499,0,3499.0,3499.0,1762.47,1736.53,Credit Card,No,4
ORD-1942,2023-10-06,Pune,Male,53,Electronics,Tablet,1,24999,5,23749.05,23749.05,12047.32,11701.73,Credit Card,Yes,4
ORD-1943,2023-11-13,Ahmedabad,Male,55,Electronics,Laptop,1,54999,5,52249.05,52249.05,33006.58,19242.47,EMI,No,4
ORD-1944,2023-09-19,Pune,Male,49,Sports & Fitness,Protein Powder,1,1999,5,1899.05,1899.05,972.85,926.2,UPI,No,2
ORD-1945,2023-10-24,Chennai,Male,44,Electronics,Headphones,1,2999,25,2249.25,2249.25,1736.83,512.42,Credit Card,No,5
ORD-1946,2023-02-22,Kolkata,Male,62,Electronics,Laptop,1,54999,10,49499.1,49499.1,28957.76,20541.34,Cash,No,4
ORD-1947,2023-01-13,Bangalore,Male,27,Clothing,Shoes,4,1999,15,1699.15,6796.6,1177.19,2087.84,Credit Card,Yes,3
ORD-1948,2023-08-31,Pune,Male,44,Home & Kitchen,Curtains,1,1499,25,1124.25,1124.25,715.19,409.06,EMI,No,1
ORD-1949,2023-12-14,Mumbai,Male,49,Home & Kitchen,Curtains,1,1499,20,1199.2,1199.2,768.38,430.82,Debit Card,No,5
ORD-1950,2023-01-13,Delhi,Male,20,Electronics,Smartwatch,1,8999,5,8549.05,8549.05,5157.03,3392.02,Cash,No,1
ORD-1951,2023-04-22,Ahmedabad,Male,59,Clothing,Shoes,1,1999,15,1699.15,1699.15,1196.7,502.45,Cash,No,2
ORD-1952,2023-05-03,Hyderabad,Female,25,Electronics,Headphones,1,2999,10,2699.1,2699.1,1871.46,827.64,Cash,No,2
ORD-1953,2023-03-12,Chennai,Female,21,Home & Kitchen,Pressure Cooker,1,1899,15,1614.15,1614.15,952.1,662.05,Debit Card,No,3
ORD-1954,2023-10-28,Kolkata,Male,27,Clothing,Jeans,2,1299,10,1169.1,2338.2,608.67,1120.86,UPI,No,5
ORD-1955,2023-10-04,Mumbai,Female,37,Electronics,Laptop,1,54999,25,41249.25,41249.25,34801.85,6447.4,Cash,No,4
ORD-1956,2023-07-04,Bangalore,Female,59,Home & Kitchen,Water Bottle,1,399,0,399.0,399.0,196.17,202.83,UPI,No,2
ORD-1957,2023-05-14,Hyderabad,Male,61,Home & Kitchen,Curtains,1,1499,0,1499.0,1499.0,869.88,629.12,Debit Card,No,3
ORD-1958,2024-01-03,Mumbai,Male,24,Sports & Fitness,Skipping Rope,1,299,10,269.1,269.1,141.24,127.86,Credit Card,No,1
ORD-1959,2023-11-24,Kolkata,Female,62,Sports & Fitness,Skipping Rope,1,299,0,299.0,299.0,144.76,154.24,UPI,No,5
ORD-1960,2024-02-28,Kolkata,Male,31,Groceries,Tea Powder,4,299,20,239.2,956.8,181.86,229.36,Cash,No,1
ORD-1961,2023-01-10,Hyderabad,Male,50,Sports & Fitness,Skipping Rope,1,299,10,269.1,269.1,153.21,115.89,Debit Card,No,5
ORD-1962,2023-04-01,Hyderabad,Male,23,Sports & Fitness,Yoga Mat,1,799,20,639.2,639.2,364.75,274.45,Cash,No,1
ORD-1963,2024-02-18,Bangalore,Male,38,Sports & Fitness,Skipping Rope,1,299,5,284.05,284.05,158.05,126.0,Debit Card,No,3
ORD-1964,2024-06-06,Mumbai,Male,25,Home & Kitchen,Bed Sheet Set,1,999,15,849.15,849.15,638.27,210.88,Debit Card,No,5
ORD-1965,2024-02-25,Mumbai,Male,22,Groceries,Biscuits Pack,2,79,15,67.15,134.3,37.89,58.52,Debit Card,No,4
ORD-1966,2023-06-01,Chennai,Male,18,Electronics,Headphones,1,2999,10,2699.1,2699.1,1350.44,1348.66,Credit Card,Yes,5
ORD-1967,2024-06-15,Kolkata,Female,33,Home & Kitchen,Mixer Grinder,1,3499,10,3149.1,3149.1,2095.04,1054.06,EMI,No,1
ORD-1968,2023-01-04,Delhi,Male,34,Sports & Fitness,Skipping Rope,1,299,20,239.2,239.2,180.48,58.72,Credit Card,No,1
ORD-1969,2023-01-24,Bangalore,Male,26,Sports & Fitness,Yoga Mat,1,799,15,679.15,679.15,450.27,228.88,Cash,No,4
ORD-1970,2024-06-28,Mumbai,Female,18,Sports & Fitness,Protein Powder,1,1999,25,1499.25,1499.25,1185.95,313.3,EMI,No,3
ORD-1971,2023-11-04,Hyderabad,Female,33,Sports & Fitness,Yoga Mat,1,799,20,639.2,639.2,427.51,211.69,Credit Card,Yes,5
ORD-1972,2024-06-11,Delhi,Male,46,Groceries,Cooking Oil,4,189,5,179.55,718.2,89.54,360.04,Credit Card,No,5
ORD-1973,2023-03-29,Pune,Male,54,Groceries,Rice (5kg),3,349,25,261.75,785.25,205.51,168.72,UPI,No,1
ORD-1974,2023-07-13,Chennai,Female,44,Groceries,Rice (5kg),3,349,0,349.0,1047.0,171.25,533.25,Cash,Yes,3
ORD-1975,2024-01-20,Hyderabad,Female,45,Sports & Fitness,Skipping Rope,1,299,20,239.2,239.2,149.52,89.68,Cash,No,1
ORD-1976,2023-04-08,Mumbai,Male,63,Electronics,Tablet,1,24999,5,23749.05,23749.05,12584.48,11164.57,EMI,No,5
ORD-1977,2023-06-05,Hyderabad,Male,27,Clothing,Jeans,4,1299,20,1039.2,4156.8,739.51,1198.76,Cash,No,5
ORD-1978,2023-12-21,Pune,Male,47,Sports & Fitness,Yoga Mat,1,799,15,679.15,679.15,401.43,277.72,Debit Card,No,3
ORD-1979,2023-07-17,Chennai,Female,47,Home & Kitchen,Bed Sheet Set,1,999,5,949.05,949.05,639.57,309.48,Credit Card,Yes,1
ORD-1980,2023-06-13,Pune,Male,53,Sports & Fitness,Yoga Mat,1,799,20,639.2,639.2,511.43,127.77,Credit Card,No,1
ORD-1981,2023-06-30,Kolkata,Male,20,Groceries,Biscuits Pack,1,79,20,63.2,63.2,40.08,23.12,Credit Card,No,2
ORD-1982,2023-08-13,Mumbai,Male,26,Electronics,Headphones,1,2999,15,2549.15,2549.15,1594.51,954.64,EMI,No,2
ORD-1983,2024-04-14,Bangalore,Male,26,Electronics,Smartphone,1,18999,0,18999.0,18999.0,11298.35,7700.65,EMI,No,4
ORD-1984,2023-03-12,Hyderabad,Female,18,Groceries,Rice (5kg),1,349,5,331.55,331.55,202.76,128.79,Cash,No,4
ORD-1985,2023-11-29,Hyderabad,Male,27,Clothing,Dress,4,1599,10,1439.1,5756.4,951.53,1950.28,Cash,No,2
ORD-1986,2023-11-04,Pune,Male,18,Home & Kitchen,Pressure Cooker,1,1899,0,1899.0,1899.0,1090.8,808.2,UPI,No,2
ORD-1987,2023-11-13,Kolkata,Male,49,Home & Kitchen,Mixer Grinder,1,3499,10,3149.1,3149.1,1738.92,1410.18,Cash,No,2
ORD-1988,2023-11-22,Bangalore,Female,46,Electronics,Laptop,1,54999,15,46749.15,46749.15,32099.38,14649.77,Credit Card,No,4
ORD-1989,2024-02-01,Delhi,Female,44,Groceries,Tea Powder,2,299,5,284.05,568.1,151.06,265.98,EMI,No,3
ORD-1990,2023-10-28,Mumbai,Male,41,Home & Kitchen,Curtains,1,1499,0,1499.0,1499.0,873.13,625.87,Credit Card,Yes,1
ORD-1991,2024-06-06,Bangalore,Male,33,Groceries,Atta (10kg),4,399,20,319.2,1276.8,258.83,241.48,UPI,No,2
ORD-1992,2023-11-11,Kolkata,Male,25,Electronics,Headphones,1,2999,25,2249.25,2249.25,1601.03,648.22,Debit Card,No,4
ORD-1993,2023-09-16,Bangalore,Male,43,Sports & Fitness,Running Shoes,1,2999,5,2849.05,2849.05,1563.63,1285.42,UPI,No,1
ORD-1994,2023-05-07,Delhi,Male,47,Electronics,Tablet,1,24999,15,21249.15,21249.15,15119.95,6129.2,Debit Card,Yes,4
ORD-1995,2023-08-28,Bangalore,Male,51,Groceries,Cooking Oil,3,189,10,170.1,510.3,103.97,198.39,EMI,No,4
ORD-1996,2023-01-24,Mumbai,Female,24,Home & Kitchen,Curtains,1,1499,10,1349.1,1349.1,934.23,414.87,Credit Card,No,2
ORD-1997,2023-04-04,Hyderabad,Male,64,Clothing,Dress,2,1599,10,1439.1,2878.2,929.5,1019.2,Debit Card,No,1
ORD-1998,2023-05-02,Kolkata,Male,33,Home & Kitchen,Pressure Cooker,1,1899,10,1709.1,1709.1,1086.72,622.38,Cash,No,5
ORD-1999,2024-01-30,Chennai,Male,56,Electronics,Smartphone,1,18999,5,18049.05,18049.05,9169.51,8879.54,Cash,No,5
ORD-2000,2023-02-20,Mumbai,Male,37,Electronics,Smartphone,1,18999,10,17099.1,17099.1,8672.79,8426.31,Cash,No,2
